Transaction_ID,Customer_ID,Product_Category,Product_Name,Quantity,Unit_Price,Total_Amount,Purchase_Date,Customer_City,Payment_Method,Customer_Age,Customer_Gender
T0001,C0126,Sports,Football,1,25000,25000,2025-05-21,Karachi,Credit Card,65.0,Male
T0002,C0048,Sports,Football,7,500,3500,2025-01-16,Karachi,Credit Card,50.0,Male
T0003,C0302,Beauty,Skin Care,7,1000,7000,2025-08-18,Lahore,Cash,28.0,Female
T0004,C0053,Grocery,Snacks,3,1000,3000,2025-06-22,Lahore,Online Payment,24.0,Female
T0005,C0275,Grocery,Snacks,1,25000,25000,2025-08-24,Islamabad,Online Payment,23.0,Female
T0006,C0024,Sports,Yoga Mat,4,25000,100000,2025-02-05,Multan,Credit Card,36.0,Male
T0007,C0326,Clothing,Shirt,7,2500,17500,2025-08-21,Peshawar,Credit Card,41.0,Female
T0008,C0088,Clothing,Jacket,2,10000,20000,2025-11-22,Faisalabad,Easypaisa,33.0,Male
T0009,C0286,Furniture,Bed,5,25000,125000,2025-12-19,Faisalabad,Easypaisa,38.0,Male
T0010,C0034,Clothing,Shirt,6,5000,30000,2025-05-18,Karachi,Jazzcash,63.0,Female
T0011,C0074,Clothing,Shoes,7,25000,175000,2025-08-23,Lahore,Credit Card,33.0,Female
T0012,C0071,Sports,Dumbbell,7,2500,17500,2025-04-23,Peshawar,Online Payment,23.0,Male
T0013,C0217,Electronics,Mobile Phone,3,50000,150000,2025-12-15,Peshawar,Cash,42.0,Female
T0014,C0349,Beauty,Shampoo,5,10000,50000,2025-01-06,Faisalabad,Cash,61.0,Female
T0015,C0081,Sports,Yoga Mat,2,2500,5000,2025-08-11,Multan,Cash,64.0,Female
T0016,C0153,Beauty,Skin Care,2,50000,100000,2025-11-17,Faisalabad,Jazzcash,56.0,Male
T0017,C0471,Clothing,Jacket,3,10000,30000,2025-09-29,Karachi,Jazzcash,38.0,Female
T0018,C0123,Electronics,Laptop,6,50000,300000,2025-06-07,Karachi,Credit Card,54.0,Male
T0019,C0393,Electronics,Smart Watch,2,50000,100000,2025-09-30,Lahore,Credit Card,60.0,Female
T0020,C0217,Beauty,Skin Care,5,10000,50000,2025-11-07,Lahore,Jazzcash,64.0,Male
T0021,C0192,Sports,Yoga Mat,7,25000,175000,2025-11-29,Multan,Cash,46.0,Male
T0022,C0302,Clothing,Jeans,2,2500,5000,2025-01-11,Peshawar,Cash,55.0,Male
T0023,C0464,Electronics,Laptop,1,1000,1000,2025-02-04,Karachi,Card,22.0,Male
T0024,C0371,Grocery,Coffee,4,10000,40000,2025-03-09,Peshawar,Credit Card,48.0,Male
T0025,C0338,Furniture,Bed,4,500,2000,2025-02-19,Multan,Online Payment,45.0,Female
T0026,C0373,Furniture,Chair,2,500,1000,2025-07-26,Islamabad,Online Payment,33.0,Male
T0027,C0143,Clothing,Shoes,3,5000,15000,2025-04-04,Multan,Jazz Cash,22.0,Female
T0028,C0429,Beauty,Perfume,1,25000,25000,2025-10-04,Karachi,Jazzcash,33.0,Male
T0029,C0463,Furniture,Bed,8,1000,8000,2025-07-25,Karachi,Easy Paisa,42.0,Male
T0030,C0357,Furniture,Sofa,8,2500,20000,2025-08-05,Faisalabad,Easypaisa,60.0,Female
T0031,C0297,Clothing,Jeans,5,1000,5000,2025-01-30,Faisalabad,Cash,21.0,Female
T0032,C0081,Electronics,Laptop,8,10000,80000,2025-09-29,Karachi,Jazzcash,23.0,Male
T0033,C0483,Electronics,Laptop,4,5000,20000,2025-03-03,Peshawar,Credit Card,41.0,Male
T0034,C0290,Beauty,Perfume,7,25000,175000,2025-10-26,Peshawar,Debit Card,34.0,Male
T0035,C0068,Sports,Yoga Mat,4,2500,10000,2025-07-22,Faisalabad,Easypaisa,37.0,Female
T0036,C0289,Grocery,Rice,1,5000,5000,2025-11-15,Karachi,Cash,52.0,Male
T0037,C0451,Beauty,Makeup,3,2500,7500,2025-02-05,Lahore,Debit Card,36.0,Male
T0038,C0154,Furniture,Sofa,1,25000,25000,2025-10-11,Faisalabad,Cash,26.0,Female
T0039,C0310,Electronics,Laptop,3,2500,7500,2025-05-25,Lahore,Easypaisa,39.0,Male
T0040,C0048,Sports,Yoga Mat,8,2500,20000,2025-01-27,Faisalabad,Online Payment,35.0,Male
T0041,C0083,Electronics,Headphones,3,25000,75000,2025-05-15,Faisalabad,Online Payment,53.0,Female
T0042,C0463,Electronics,Perfume,2,500,1000,2025-12-20,Lahore,Jazzcash,20.0,Female
T0043,C0158,Clothing,Skin Care,7,1000,7000,2025-01-22,Islamabad,Cash,40.0,Male
T0044,C0453,Grocery,Cricket Bat,2,2500,5000,2025-10-14,Multan,Jazzcash,65.0,Male
T0045,C0092,Grocery,Jeans,3,5000,15000,2025-01-13,Unknown,Debit Card,44.0,Male
T0046,C0440,Beauty,Oil,2,5000,10000,2025-01-20,Multan,Credit Card,30.0,Female
T0047,C0338,Sports,Snacks,4,1000,4000,2025-01-13,Lahore,Online Payment,39.0,Female
T0048,C0205,Sports,Headphones,6,25000,150000,2025-09-18,Faisalabad,Unknown,39.0,Male
T0049,C0020,Furniture,Headphones,3,10000,30000,2025-05-16,Karachi,Jazzcash,45.0,Female
T0050,C0060,Furniture,Yoga Mat,7,10000,70000,2025-09-19,Unknown,Jazzcash,30.0,Female
T0051,C0352,Electronics,Smart Watch,1,10000,10000,2025-10-03,Faisalabad,Easypaisa,65.0,Male
T0052,C0320,Grocery,Coffee,2,25000,50000,2025-06-19,Islamabad,Easypaisa,25.0,Female
T0053,C0357,Beauty,Makeup,7,2500,17500,2025-07-26,Islamabad,Jazzcash,26.0,Male
T0054,C0155,Furniture,Bed,3,10000,30000,2025-10-19,Multan,Jazzcash,18.0,Female
T0055,C0311,Grocery,Oil,7,50000,350000,2025-10-24,Faisalabad,Debit Card,47.0,Female
T0056,C0338,Furniture,Table,8,50000,400000,2025-03-28,Karachi,Debit Card,50.0,Female
T0057,C0076,Electronics,Mobile Phone,5,1000,5000,2025-04-12,Karachi,Cash,33.0,Female
T0058,C0295,Beauty,Perfume,8,5000,40000,2025-11-19,Lahore,Easypaisa,62.0,Female
T0059,C0353,Furniture,Bed,4,1000,4000,2025-12-02,Unknown,Cash,45.0,Male
T0060,C0470,Clothing,Shoes,1,10000,10000,2025-05-08,Karachi,Online Payment,26.0,Female
T0068,C0274,Sports,Cricket Bat,8,1000,8000,2025-08-01,Karachi,Online Payment,55.0,Male
T0072,C0243,Clothing,Shirt,3,1000,3000,2025-03-06,Faisalabad,Cash,54.0,Male
T0073,C0311,Furniture,Sofa,6,1000,6000,2025-11-07,Faisalabad,Easypaisa,25.0,Male
T0074,C0347,Grocery,Rice,1,2500,2500,2025-10-22,Multan,Online Payment,63.0,Male
T0075,C0436,Electronics,Mobile Phone,2,25000,50000,2025-06-04,Faisalabad,Jazzcash,25.0,Male
T0076,C0332,Grocery,Coffee,6,500,3000,2025-09-17,Islamabad,Cash,44.0,Female
T0077,C0363,Electronics,Smart Watch,6,25000,150000,2025-08-24,Lahore,Online Payment,29.0,Female
T0078,C0138,Beauty,Shampoo,8,5000,40000,2025-10-31,Islamabad,Credit Card,23.0,Female
T0079,C0343,Furniture,Table,8,10000,80000,2025-11-09,Multan,Debit Card,19.0,Female
T0080,C0409,Grocery,Oil,8,1000,8000,2025-07-01,Islamabad,Debit Card,35.0,Female
T0081,C0369,Beauty,Perfume,4,500,2000,2025-05-04,Multan,Online Payment,53.0,Male
T0082,C0048,Sports,Dumbbell,8,5000,40000,2025-01-09,Islamabad,Credit Card,43.0,Male
T0083,C0177,Grocery,Snacks,8,10000,80000,2025-09-29,Multan,Unknown,53.0,Female
T0084,C0119,Grocery,Coffee,5,2500,12500,2025-05-09,Karachi,Easypaisa,30.0,Female
T0085,C0142,Electronics,Mobile Phone,4,1000,4000,2025-09-05,Faisalabad,Jazzcash,51.0,Female
T0086,C0092,Electronics,Mobile Phone,5,1000,5000,2025-07-04,Islamabad,Cash,63.0,Male
T0087,C0358,Grocery,Rice,1,10000,10000,2025-05-30,Lahore,Easypaisa,49.0,Male
T0088,C0175,Electronics,Headphones,8,5000,40000,2025-08-14,Lahore,Cash,34.0,Female
T0089,C0296,Electronics,Laptop,7,5000,35000,2025-02-07,Faisalabad,Easypaisa,21.0,Male
T0090,C0286,Clothing,Jacket,2,1000,2000,2025-03-02,Multan,Jazzcash,56.0,Male
T0091,C0441,Beauty,Shampoo,8,5000,40000,2025-06-02,Peshawar,Online Payment,37.0,Male
T0092,C0136,Beauty,Perfume,4,25000,100000,2025-04-19,Faisalabad,Cash,28.0,Male
T0093,C0231,Clothing,Shirt,3,500,1500,2025-07-29,Faisalabad,Jazzcash,48.0,Female
T0094,C0360,Electronics,Mobile Phone,5,25000,125000,2025-05-25,Multan,Unknown,61.0,Male
T0095,C0116,Grocery,Oil,7,500,3500,2025-10-06,Faisalabad,Credit Card,35.0,Male
T0096,C0305,Electronics,Laptop,3,50000,150000,2025-06-07,Faisalabad,Jazzcash,36.0,Female
T0097,C0483,Electronics,Smart Watch,5,25000,125000,2025-07-26,Islamabad,Jazzcash,52.0,Female
T0098,C0310,Furniture,Chair,1,5000,5000,2025-06-15,Islamabad,Cash,23.0,Male
T0099,C0391,Sports,Football,5,10000,50000,2025-01-21,Lahore,Online Payment,51.0,Female
T0100,C0497,Grocery,Oil,7,25000,175000,2025-09-09,Karachi,Online Payment,40.0,Female
T0104,C0282,Sports,Dumbbell,1,1000,1000,2025-05-17,Lahore,Debit Card,46.0,Female
T0105,C0160,Electronics,Laptop,4,25000,100000,2025-03-23,Peshawar,Cash,53.0,Female
T0106,C0332,Electronics,Mobile Phone,2,5000,10000,2025-03-02,Lahore,Online Payment,63.0,Female
T0107,C0242,Beauty,Makeup,7,50000,350000,2025-09-05,Lahore,Online Payment,53.0,Male
T0108,C0142,Furniture,Table,3,50000,150000,2025-02-05,Multan,Debit Card,50.0,Female
T0109,C0297,Electronics,Headphones,5,50000,250000,2025-10-28,Faisalabad,Online Payment,27.0,Female
T0110,C0391,Beauty,Shampoo,6,2500,15000,2025-10-10,Peshawar,Online Payment,47.0,Female
T0111,C0023,Clothing,Jeans,7,1000,7000,2025-07-30,Islamabad,Easypaisa,48.0,Female
T0112,C0258,Furniture,Table,8,500,4000,2025-03-06,Peshawar,Unknown,24.0,Female
T0113,C0210,Electronics,Smart Watch,1,25000,25000,2025-03-15,Faisalabad,Credit Card,22.0,Female
T0114,C0437,Grocery,Snacks,7,25000,175000,2025-02-11,Islamabad,Easypaisa,52.0,Female
T0115,C0121,Grocery,Coffee,1,10000,10000,2025-02-05,Faisalabad,Easypaisa,36.0,Male
T0116,C0361,Sports,Football,7,500,3500,2025-11-21,Karachi,Online Payment,28.0,Female
T0117,C0151,Electronics,Laptop,6,50000,300000,2025-01-29,Islamabad,Debit Card,45.0,Male
T0118,C0041,Clothing,Shoes,3,1000,3000,2025-03-31,Peshawar,Online Payment,57.0,Male
T0119,C0131,Furniture,Table,4,5000,20000,2025-11-23,Multan,Debit Card,60.0,Male
T0120,C0484,Furniture,Sofa,3,500,1500,2025-08-15,Islamabad,Jazzcash,37.0,Female
T0121,C0102,Sports,Yoga Mat,8,50000,400000,2025-06-04,Multan,Online Payment,24.0,Male
T0122,C0012,Furniture,Sofa,5,25000,125000,2025-06-01,Faisalabad,Online Payment,35.0,Male
T0123,C0398,Beauty,Perfume,8,50000,400000,2025-05-27,Lahore,Jazzcash,40.0,Male
T0124,C0349,Sports,Cricket Bat,5,25000,125000,2025-12-04,Lahore,Easypaisa,24.0,Male
T0125,C0375,Grocery,Coffee,1,10000,10000,2025-07-06,Lahore,Cash,36.0,Female
T0126,C0403,Sports,Dumbbell,3,1000,3000,2025-03-09,Peshawar,Debit Card,51.0,Female
T0127,C0383,Clothing,Jacket,8,50000,400000,2025-06-01,Islamabad,Cash,47.0,Male
T0128,C0188,Clothing,Jeans,7,50000,350000,2025-10-13,Karachi,Online Payment,18.0,Female
T0129,C0384,Beauty,Perfume,8,2500,20000,2025-12-11,Faisalabad,Debit Card,55.0,Female
T0130,C0242,Sports,Yoga Mat,2,25000,50000,2025-04-30,Karachi,Jazzcash,53.0,Female
T0131,C0466,Beauty,Skin Care,2,25000,50000,2025-08-26,Faisalabad,Debit Card,59.0,Female
T0132,C0253,Electronics,Mobile Phone,1,500,500,2025-06-05,Karachi,Cash,33.0,Male
T0133,C0485,Furniture,Bed,6,25000,150000,2025-12-23,Peshawar,Online Payment,55.0,Male
T0134,C0481,Furniture,Chair,8,10000,80000,2025-07-28,Islamabad,Cash,62.0,Female
T0135,C0051,Clothing,Shoes,8,1000,8000,2025-07-05,Faisalabad,Debit Card,52.0,Female
T0136,C0486,Electronics,Smart Watch,5,1000,5000,2025-03-04,Multan,Cash,60.0,Male
T0137,C0125,Sports,Football,1,50000,50000,2025-06-20,Lahore,Jazzcash,31.0,Male
T0138,C0169,Beauty,Skin Care,4,50000,200000,2025-04-30,Lahore,Jazzcash,18.0,Female
T0139,C0057,Clothing,Jeans,5,50000,250000,2025-03-31,Faisalabad,Cash,26.0,Male
T0140,C0136,Grocery,Oil,6,500,3000,2025-03-31,Karachi,Credit Card,65.0,Female
T0141,C0399,Beauty,Perfume,2,5000,10000,2025-08-18,Islamabad,Jazzcash,55.0,Male
T0142,C0267,Furniture,Table,1,25000,25000,2025-12-04,Islamabad,Online Payment,59.0,Male
T0143,C0056,Electronics,Smart Watch,7,5000,35000,2025-12-18,Multan,Easypaisa,46.0,Male
T0144,C0141,Electronics,Headphones,3,500,1500,2025-03-06,Peshawar,Easypaisa,55.0,Female
T0145,C0221,Furniture,Sofa,8,10000,80000,2025-11-06,Karachi,Easypaisa,25.0,Male
T0146,C0424,Furniture,Bed,4,5000,20000,2025-06-23,Multan,Online Payment,44.0,Male
T0147,C0192,Grocery,Coffee,6,25000,150000,2025-05-11,Lahore,Easypaisa,48.0,Male
T0148,C0382,Electronics,Laptop,2,5000,10000,2025-02-19,Faisalabad,Debit Card,26.0,Male
T0149,C0448,Beauty,Makeup,2,5000,10000,2025-07-01,Faisalabad,Online Payment,64.0,Male
T0150,C0260,Grocery,Snacks,6,500,3000,2025-10-23,Lahore,Credit Card,60.0,Female
T0151,C0189,Clothing,Shirt,6,50000,300000,2025-10-12,Karachi,Debit Card,54.0,Male
T0152,C0140,Furniture,Chair,5,500,2500,2025-04-03,Faisalabad,Debit Card,39.0,Female
T0153,C0206,Electronics,Mobile Phone,3,10000,30000,2025-12-03,Karachi,Credit Card,65.0,Male
T0154,C0175,Electronics,Mobile Phone,7,5000,35000,2025-08-21,Lahore,Debit Card,37.0,Female
T0155,C0387,Beauty,Perfume,1,1000,1000,2025-03-22,Peshawar,Cash,61.0,Male
T0156,C0227,Grocery,Coffee,7,5000,35000,2025-11-07,Multan,Debit Card,31.0,Male
T0157,C0348,Grocery,Coffee,2,2500,5000,2025-12-14,Peshawar,Online Payment,51.0,Female
T0158,C0004,Electronics,Mobile Phone,7,10000,70000,2025-01-29,Lahore,Debit Card,31.0,Male
T0159,C0255,Grocery,Snacks,6,500,3000,2025-01-04,Faisalabad,Online Payment,29.0,Male
T0160,C0442,Furniture,Table,6,500,3000,2025-07-23,Faisalabad,Cash,45.0,Male
T0161,C0294,Furniture,Chair,6,10000,60000,2025-08-08,Multan,Easypaisa,58.0,Female
T0162,C0088,Grocery,Rice,7,500,3500,2025-06-16,Peshawar,Online Payment,62.0,Female
T0163,C0302,Electronics,Smart Watch,2,1000,2000,2025-08-12,Multan,Jazzcash,23.0,Female
T0164,C0040,Grocery,Snacks,4,2500,10000,2025-03-28,Peshawar,Easypaisa,25.0,Male
T0165,C0075,Grocery,Snacks,3,1000,3000,2025-02-22,Islamabad,Credit Card,29.0,Male
T0166,C0253,Sports,Football,3,50000,150000,2025-11-18,Multan,Jazzcash,55.0,Female
T0167,C0035,Sports,Yoga Mat,6,1000,6000,2025-08-14,Multan,Online Payment,58.0,Female
T0168,C0159,Grocery,Rice,6,10000,60000,2025-02-07,Multan,Online Payment,20.0,Male
T0169,C0315,Grocery,Snacks,2,25000,50000,2025-02-16,Peshawar,Jazzcash,42.0,Female
T0170,C0334,Beauty,Perfume,8,50000,400000,2025-10-20,Lahore,Debit Card,56.0,Female
T0171,C0416,Beauty,Skin Care,1,5000,5000,2025-02-22,Unknown,Easypaisa,23.0,Male
T0172,C0268,Electronics,Mobile Phone,8,5000,40000,2025-09-26,Peshawar,Credit Card,41.0,Female
T0173,C0348,Grocery,Coffee,7,50000,350000,2025-06-23,Peshawar,Cash,58.0,Female
T0174,C0198,Electronics,Headphones,2,10000,20000,2025-12-14,Islamabad,Debit Card,64.0,Male
T0175,C0496,Grocery,Rice,3,2500,7500,2025-06-08,Faisalabad,Easypaisa,60.0,Female
T0176,C0330,Clothing,Shirt,5,10000,50000,2025-07-12,Islamabad,Credit Card,60.0,Male
T0177,C0159,Sports,Dumbbell,6,500,3000,2025-07-05,Lahore,Credit Card,39.0,Female
T0178,C0152,Clothing,Jeans,3,1000,3000,2025-02-09,Karachi,Jazzcash,52.0,Male
T0179,C0079,Sports,Yoga Mat,3,10000,30000,2025-07-12,Lahore,Credit Card,62.0,Male
T0180,C0347,Sports,Dumbbell,1,5000,5000,2025-07-06,Faisalabad,Credit Card,46.0,Female
T0181,C0159,Sports,Dumbbell,4,10000,40000,2025-05-03,Multan,Credit Card,41.0,Female
T0182,C0215,Furniture,Sofa,7,10000,70000,2025-09-28,Lahore,Credit Card,56.0,Male
T0183,C0284,Grocery,Rice,8,50000,400000,2025-07-10,Karachi,Easypaisa,51.0,Male
T0184,C0464,Grocery,Rice,3,2500,7500,2025-08-19,Peshawar,Credit Card,45.0,Male
T0185,C0028,Clothing,Shoes,6,500,3000,2025-08-01,Multan,Jazzcash,41.0,Male
T0186,C0164,Furniture,Chair,6,1000,6000,2025-01-15,Karachi,Easypaisa,59.0,Female
T0187,C0357,Clothing,Jeans,1,2500,2500,2025-08-30,Lahore,Easypaisa,48.0,Female
T0188,C0111,Beauty,Perfume,2,500,1000,2025-05-12,Lahore,Jazzcash,64.0,Female
T0189,C0025,Electronics,Headphones,4,2500,10000,2025-03-04,Lahore,Online Payment,58.0,Female
T0190,C0009,Electronics,Laptop,8,10000,80000,2025-10-02,Faisalabad,Jazzcash,54.0,Male
T0191,C0315,Sports,Cricket Bat,5,5000,25000,2025-01-01,Islamabad,Credit Card,54.0,Female
T0192,C0279,Clothing,Shirt,6,500,3000,2025-09-27,Peshawar,Jazzcash,53.0,Male
T0193,C0192,Furniture,Bed,1,25000,25000,2025-07-18,Islamabad,Easypaisa,19.0,Female
T0194,C0322,Electronics,Headphones,4,25000,100000,2025-12-03,Karachi,Jazzcash,65.0,Female
T0195,C0417,Clothing,Shirt,6,10000,60000,2025-06-23,Faisalabad,Credit Card,61.0,Female
T0196,C0033,Sports,Dumbbell,3,50000,150000,2025-03-11,Faisalabad,Online Payment,20.0,Female
T0197,C0478,Clothing,Shirt,4,500,2000,2025-06-11,Islamabad,Jazzcash,43.0,Female
T0198,C0442,Grocery,Rice,4,2500,10000,2025-07-02,Karachi,Easypaisa,39.0,Female
T0199,C0459,Electronics,Headphones,7,5000,35000,2025-08-14,Multan,Debit Card,29.0,Female
T0200,C0137,Sports,Dumbbell,6,50000,300000,2025-09-23,Karachi,Unknown,45.0,Male
T0201,C0041,Furniture,Table,5,2500,12500,2025-02-22,Islamabad,Easypaisa,36.0,Female
T0202,C0180,Furniture,Bed,3,25000,75000,2025-08-16,Multan,Cash,64.0,Female
T0203,C0039,Beauty,Shampoo,5,25000,125000,2025-01-30,Faisalabad,Easypaisa,43.0,Female
T0204,C0348,Beauty,Skin Care,1,1000,1000,2025-11-08,Multan,Cash,26.0,Male
T0205,C0017,Clothing,Jacket,6,5000,30000,2025-10-18,Peshawar,Credit Card,61.0,Female
T0206,C0294,Grocery,Snacks,8,50000,400000,2025-02-09,Lahore,Jazzcash,41.0,Female
T0207,C0377,Grocery,Snacks,4,500,2000,2025-01-14,Lahore,Online Payment,51.0,Female
T0208,C0361,Beauty,Perfume,5,50000,250000,2025-05-14,Multan,Credit Card,41.0,Female
T0209,C0437,Sports,Dumbbell,4,500,2000,2025-03-11,Karachi,Online Payment,29.0,Female
T0210,C0282,Electronics,Headphones,6,25000,150000,2025-02-03,Peshawar,Debit Card,37.0,Male
T0211,C0063,Sports,Cricket Bat,6,10000,60000,2025-04-25,Lahore,Credit Card,33.0,Female
T0212,C0067,Electronics,Headphones,6,5000,30000,2025-10-10,Peshawar,Cash,22.0,Female
T0213,C0422,Furniture,Bed,7,50000,350000,2025-07-29,Peshawar,Cash,26.0,Female
T0214,C0265,Sports,Football,8,5000,40000,2025-12-15,Islamabad,Credit Card,53.0,Male
T0215,C0266,Clothing,Shoes,1,50000,50000,2025-03-05,Lahore,Debit Card,28.0,Male
T0216,C0434,Grocery,Oil,6,10000,60000,2025-05-26,Karachi,Debit Card,30.0,Female
T0217,C0087,Clothing,Jacket,2,10000,20000,2025-11-25,Peshawar,Jazzcash,27.0,Male
T0218,C0042,Sports,Yoga Mat,1,50000,50000,2025-01-15,Karachi,Easypaisa,54.0,Female
T0219,C0016,Sports,Cricket Bat,7,10000,70000,2025-11-24,Multan,Easypaisa,52.0,Female
T0220,C0208,Sports,Yoga Mat,8,1000,8000,2025-12-17,Islamabad,Online Payment,22.0,Male
T0221,C0105,Clothing,Shoes,7,5000,35000,2025-08-26,Islamabad,Jazzcash,27.0,Female
T0222,C0390,Sports,Yoga Mat,6,5000,30000,2025-03-08,Islamabad,Jazzcash,53.0,Male
T0223,C0231,Grocery,Oil,8,500,4000,2025-05-17,Lahore,Credit Card,24.0,Male
T0224,C0417,Grocery,Coffee,7,1000,7000,2025-03-23,Islamabad,Jazzcash,64.0,Female
T0225,C0256,Clothing,Jeans,8,10000,80000,2025-08-28,Islamabad,Online Payment,19.0,Male
T0226,C0181,Furniture,Bed,4,1000,4000,2025-10-26,Karachi,Cash,36.0,Female
T0227,C0434,Beauty,Shampoo,5,10000,50000,2025-01-05,Karachi,Online Payment,26.0,Female
T0228,C0206,Sports,Yoga Mat,7,2500,17500,2025-01-24,Karachi,Jazzcash,53.0,Male
T0229,C0231,Grocery,Snacks,2,5000,10000,2025-09-16,Peshawar,Debit Card,57.0,Male
T0230,C0286,Clothing,Shirt,7,2500,17500,2025-06-23,Islamabad,Credit Card,41.0,Female
T0231,C0366,Beauty,Perfume,1,500,500,2025-03-12,Islamabad,Online Payment,51.0,Female
T0232,C0084,Clothing,Jeans,6,10000,60000,2025-06-13,Multan,Jazzcash,65.0,Female
T0233,C0154,Beauty,Makeup,8,25000,200000,2025-10-16,Multan,Cash,41.0,Female
T0234,C0408,Sports,Football,7,10000,70000,2025-06-07,Faisalabad,Easypaisa,58.0,Male
T0235,C0296,Beauty,Shampoo,5,25000,125000,2025-10-24,Lahore,Easypaisa,21.0,Female
T0236,C0125,Clothing,Shoes,3,50000,150000,2025-12-15,Karachi,Jazzcash,62.0,Male
T0237,C0078,Clothing,Shirt,8,2500,20000,2025-08-03,Multan,Easypaisa,31.0,Female
T0238,C0266,Beauty,Shampoo,1,25000,25000,2025-03-12,Lahore,Jazzcash,38.0,Female
T0239,C0468,Beauty,Shampoo,6,1000,6000,2025-08-24,Peshawar,Debit Card,52.0,Female
T0240,C0143,Sports,Yoga Mat,8,1000,8000,2025-05-07,Peshawar,Debit Card,32.0,Female
T0241,C0179,Grocery,Oil,8,2500,20000,2025-09-03,Unknown,Easypaisa,35.0,Female
T0242,C0489,Electronics,Smart Watch,7,50000,350000,2025-06-26,Lahore,Debit Card,20.0,Female
T0243,C0132,Sports,Football,6,5000,30000,2025-12-02,Faisalabad,Online Payment,31.0,Male
T0244,C0316,Beauty,Makeup,5,1000,5000,2025-02-25,Faisalabad,Jazzcash,33.0,Male
T0245,C0212,Electronics,Mobile Phone,4,500,2000,2025-02-21,Islamabad,Easypaisa,48.0,Male
T0246,C0209,Sports,Cricket Bat,1,10000,10000,2025-03-22,Faisalabad,Online Payment,48.0,Male
T0247,C0465,Grocery,Snacks,5,25000,125000,2025-01-31,Karachi,Easypaisa,54.0,Male
T0248,C0479,Beauty,Perfume,3,5000,15000,2025-04-01,Karachi,Online Payment,49.0,Male
T0249,C0291,Sports,Yoga Mat,1,500,500,2025-06-02,Peshawar,Cash,39.0,Female
T0250,C0240,Furniture,Bed,3,50000,150000,2025-09-16,Islamabad,Credit Card,25.0,Female
T0251,C0008,Clothing,Shoes,5,25000,125000,2025-04-06,Faisalabad,Debit Card,36.0,Male
T0252,C0045,Clothing,Shoes,7,10000,70000,2025-06-17,Multan,Easypaisa,24.0,Male
T0253,C0134,Clothing,Shoes,6,1000,6000,2025-01-04,Multan,Credit Card,46.0,Female
T0254,C0185,Grocery,Snacks,1,2500,2500,2025-12-01,Faisalabad,Credit Card,21.0,Male
T0255,C0258,Furniture,Sofa,3,5000,15000,2025-12-18,Faisalabad,Unknown,62.0,Male
T0256,C0113,Sports,Yoga Mat,6,10000,60000,2025-04-24,Lahore,Unknown,27.0,Female
T0257,C0468,Sports,Yoga Mat,7,25000,175000,2025-10-09,Multan,Jazzcash,60.0,Male
T0258,C0186,Clothing,Shirt,8,10000,80000,2025-12-27,Karachi,Jazzcash,25.0,Male
T0259,C0438,Beauty,Skin Care,3,1000,3000,2025-06-17,Peshawar,Online Payment,25.0,Male
T0260,C0415,Sports,Dumbbell,2,10000,20000,2025-08-17,Karachi,Online Payment,26.0,Female
T0261,C0371,Furniture,Chair,8,25000,200000,2025-06-07,Karachi,Online Payment,34.0,Male
T0262,C0177,Sports,Cricket Bat,2,500,1000,2025-08-05,Faisalabad,Cash,52.0,Male
T0263,C0093,Electronics,Smart Watch,1,2500,2500,2025-07-29,Lahore,Easypaisa,64.0,Female
T0264,C0193,Grocery,Coffee,8,50000,400000,2025-07-13,Karachi,Easypaisa,60.0,Male
T0265,C0202,Sports,Yoga Mat,2,1000,2000,2025-10-03,Peshawar,Credit Card,64.0,Male
T0266,C0369,Electronics,Laptop,5,5000,25000,2025-12-11,Peshawar,Online Payment,52.0,Female
T0267,C0142,Clothing,Jeans,8,2500,20000,2025-03-21,Lahore,Easypaisa,25.0,Male
T0268,C0035,Sports,Dumbbell,1,1000,1000,2025-04-16,Karachi,Jazzcash,20.0,Female
T0269,C0206,Beauty,Perfume,4,25000,100000,2025-01-23,Multan,Credit Card,52.0,Male
T0270,C0164,Electronics,Mobile Phone,5,1000,5000,2025-10-22,Peshawar,Jazzcash,61.0,Female
T0271,C0114,Clothing,Jacket,3,25000,75000,2025-09-24,Multan,Debit Card,35.0,Male
T0272,C0025,Beauty,Skin Care,7,10000,70000,2025-09-11,Islamabad,Easypaisa,60.0,Female
T0273,C0154,Beauty,Makeup,7,5000,35000,2025-03-18,Multan,Credit Card,52.0,Female
T0274,C0074,Clothing,Jeans,5,50000,250000,2025-12-29,Multan,Cash,53.0,Female
T0275,C0105,Furniture,Table,7,1000,7000,2025-05-11,Islamabad,Easypaisa,23.0,Female
T0276,C0194,Grocery,Rice,4,500,2000,2025-05-18,Faisalabad,Jazzcash,56.0,Male
T0277,C0446,Electronics,Mobile Phone,4,5000,20000,2025-04-17,Islamabad,Debit Card,18.0,Male
T0278,C0310,Clothing,Shirt,8,1000,8000,2025-12-23,Faisalabad,Credit Card,43.0,Male
T0279,C0274,Beauty,Makeup,5,5000,25000,2025-08-27,Faisalabad,Debit Card,37.0,Female
T0280,C0390,Grocery,Coffee,8,500,4000,2025-08-29,Islamabad,Credit Card,41.0,Female
T0281,C0009,Furniture,Chair,4,25000,100000,2025-03-16,Islamabad,Jazzcash,55.0,Female
T0282,C0195,Grocery,Oil,4,2500,10000,2025-04-28,Peshawar,Credit Card,49.0,Female
T0283,C0376,Grocery,Coffee,8,5000,40000,2025-03-28,Islamabad,Credit Card,26.0,Female
T0284,C0484,Clothing,Shirt,1,50000,50000,2025-02-08,Faisalabad,Cash,18.0,Female
T0285,C0005,Clothing,Jeans,2,25000,50000,2025-03-19,Lahore,Jazzcash,47.0,Female
T0286,C0273,Electronics,Smart Watch,8,500,4000,2025-01-04,Peshawar,Online Payment,18.0,Male
T0287,C0417,Beauty,Makeup,5,500,2500,2025-09-15,Faisalabad,Easypaisa,45.0,Male
T0288,C0318,Electronics,Laptop,3,1000,3000,2025-04-09,Peshawar,Debit Card,40.0,Female
T0289,C0290,Furniture,Chair,6,5000,30000,2025-08-24,Lahore,Easypaisa,32.0,Female
T0290,C0195,Sports,Football,1,500,500,2025-07-27,Multan,Jazzcash,48.0,Male
T0291,C0433,Sports,Football,3,500,1500,2025-09-13,Multan,Easypaisa,39.0,Male
T0292,C0455,Beauty,Perfume,4,1000,4000,2025-12-21,Peshawar,Online Payment,35.0,Male
T0293,C0009,Electronics,Headphones,1,1000,1000,2025-06-11,Lahore,Jazzcash,27.0,Female
T0294,C0291,Electronics,Headphones,3,10000,30000,2025-05-04,Multan,Easypaisa,52.0,Female
T0295,C0028,Furniture,Table,2,10000,20000,2025-06-27,Karachi,Online Payment,32.0,Male
T0296,C0140,Grocery,Coffee,6,500,3000,2025-11-21,Multan,Online Payment,32.0,Female
T0297,C0300,Beauty,Shampoo,7,1000,7000,2025-12-15,Faisalabad,Online Payment,23.0,Female
T0298,C0195,Clothing,Shirt,2,2500,5000,2025-03-20,Faisalabad,Easypaisa,27.0,Female
T0299,C0483,Grocery,Snacks,2,500,1000,2025-01-03,Islamabad,Online Payment,41.0,Female
T0300,C0230,Electronics,Mobile Phone,2,1000,2000,2025-08-09,Peshawar,Jazzcash,50.0,Female
T0301,C0048,Electronics,Laptop,2,2500,5000,2025-10-11,Peshawar,Jazzcash,38.0,Female
T0302,C0372,Electronics,Headphones,7,5000,35000,2025-02-13,Peshawar,Credit Card,54.0,Male
T0303,C0155,Sports,Dumbbell,3,1000,3000,2025-05-18,Islamabad,Online Payment,27.0,Male
T0304,C0248,Clothing,Shoes,5,5000,25000,2025-06-03,Karachi,Debit Card,34.0,Male
T0305,C0070,Sports,Dumbbell,4,5000,20000,2025-02-24,Islamabad,Cash,43.0,Female
T0306,C0221,Beauty,Shampoo,6,5000,30000,2025-06-21,Faisalabad,Jazzcash,26.0,Female
T0307,C0494,Grocery,Oil,8,2500,20000,2025-04-01,Multan,Debit Card,36.0,Female
T0308,C0419,Beauty,Skin Care,6,5000,30000,2025-05-24,Multan,Debit Card,25.0,Male
T0309,C0483,Beauty,Skin Care,1,25000,25000,2025-08-25,Faisalabad,Credit Card,46.0,Female
T0310,C0072,Sports,Football,7,25000,175000,2025-09-13,Faisalabad,Debit Card,33.0,Female
T0311,C0038,Sports,Cricket Bat,7,50000,350000,2025-07-13,Multan,Jazzcash,48.0,Female
T0312,C0360,Beauty,Shampoo,1,50000,50000,2025-07-04,Peshawar,Jazzcash,58.0,Male
T0313,C0314,Electronics,Mobile Phone,6,1000,6000,2025-11-28,Karachi,Jazzcash,59.0,Female
T0314,C0133,Grocery,Coffee,2,500,1000,2025-02-20,Lahore,Jazzcash,65.0,Male
T0315,C0302,Furniture,Sofa,7,5000,35000,2025-12-14,Faisalabad,Jazzcash,27.0,Female
T0316,C0472,Electronics,Smart Watch,2,2500,5000,2025-08-01,Karachi,Cash,64.0,Male
T0317,C0267,Grocery,Snacks,6,5000,30000,2025-04-16,Multan,Debit Card,48.0,Male
T0318,C0023,Furniture,Bed,6,500,3000,2025-06-03,Faisalabad,Cash,19.0,Female
T0319,C0265,Sports,Football,3,25000,75000,2025-05-05,Lahore,Jazzcash,28.0,Female
T0320,C0323,Beauty,Shampoo,8,1000,8000,2025-07-27,Lahore,Credit Card,58.0,Female
T0321,C0220,Furniture,Chair,4,5000,20000,2025-10-31,Multan,Cash,63.0,Male
T0322,C0410,Clothing,Jacket,2,10000,20000,2025-02-22,Peshawar,Credit Card,41.0,Female
T0323,C0442,Clothing,Shoes,2,2500,5000,2025-12-10,Multan,Jazzcash,58.0,Female
T0324,C0179,Beauty,Shampoo,7,10000,70000,2025-02-28,Unknown,Online Payment,57.0,Male
T0325,C0161,Sports,Yoga Mat,2,25000,50000,2025-03-10,Karachi,Credit Card,37.0,Male
T0326,C0215,Clothing,Jacket,3,10000,30000,2025-07-18,Peshawar,Credit Card,54.0,Female
T0327,C0356,Furniture,Table,8,25000,200000,2025-10-03,Faisalabad,Credit Card,53.0,Male
T0328,C0432,Furniture,Sofa,3,1000,3000,2025-06-11,Multan,Jazzcash,21.0,Female
T0329,C0494,Electronics,Smart Watch,3,1000,3000,2025-07-16,Peshawar,Jazzcash,59.0,Female
T0330,C0251,Furniture,Bed,7,25000,175000,2025-08-16,Lahore,Cash,41.0,Male
T0331,C0276,Clothing,Jacket,1,2500,2500,2025-04-26,Islamabad,Credit Card,47.0,Female
T0332,C0422,Beauty,Perfume,2,2500,5000,2025-10-06,Islamabad,Jazzcash,20.0,Female
T0333,C0385,Beauty,Skin Care,7,500,3500,2025-12-01,Lahore,Debit Card,20.0,Female
T0334,C0398,Grocery,Snacks,2,5000,10000,2025-03-02,Lahore,Credit Card,65.0,Female
T0335,C0402,Sports,Dumbbell,3,10000,30000,2025-03-13,Lahore,Credit Card,21.0,Female
T0336,C0150,Beauty,Makeup,3,2500,7500,2025-12-27,Islamabad,Jazzcash,35.0,Male
T0337,C0065,Clothing,Shoes,1,2500,2500,2025-12-02,Faisalabad,Credit Card,33.0,Male
T0338,C0202,Sports,Yoga Mat,4,50000,200000,2025-12-13,Multan,Credit Card,54.0,Female
T0339,C0325,Sports,Dumbbell,7,5000,35000,2025-02-08,Karachi,Online Payment,50.0,Female
T0340,C0298,Sports,Yoga Mat,8,5000,40000,2025-06-17,Karachi,Easypaisa,23.0,Female
T0341,C0204,Sports,Yoga Mat,2,50000,100000,2025-10-01,Lahore,Online Payment,31.0,Female
T0342,C0296,Grocery,Snacks,5,2500,12500,2025-10-08,Lahore,Jazzcash,49.0,Female
T0343,C0402,Sports,Football,1,500,500,2025-11-17,Multan,Cash,25.0,Male
T0344,C0353,Furniture,Bed,1,5000,5000,2025-04-14,Lahore,Easypaisa,37.0,Male
T0345,C0191,Grocery,Rice,6,2500,15000,2025-02-12,Faisalabad,Easypaisa,28.0,Male
T0346,C0047,Furniture,Sofa,4,5000,20000,2025-12-02,Faisalabad,Cash,18.0,Male
T0347,C0266,Furniture,Chair,3,10000,30000,2025-04-26,Faisalabad,Online Payment,18.0,Male
T0348,C0356,Sports,Yoga Mat,2,50000,100000,2025-08-05,Lahore,Online Payment,22.0,Male
T0349,C0189,Furniture,Chair,2,500,1000,2025-06-10,Islamabad,Credit Card,42.0,Male
T0350,C0005,Sports,Cricket Bat,2,10000,20000,2025-10-16,Peshawar,Easypaisa,28.0,Female
T0351,C0352,Grocery,Oil,3,5000,15000,2025-11-12,Multan,Credit Card,23.0,Male
T0352,C0162,Clothing,Shirt,7,2500,17500,2025-08-08,Lahore,Credit Card,35.0,Male
T0353,C0449,Clothing,Jacket,1,50000,50000,2025-12-04,Islamabad,Credit Card,51.0,Male
T0354,C0402,Sports,Dumbbell,5,25000,125000,2025-01-28,Lahore,Online Payment,42.0,Male
T0355,C0185,Clothing,Shoes,2,10000,20000,2025-01-07,Islamabad,Credit Card,42.0,Female
T0356,C0009,Grocery,Oil,8,50000,400000,2025-02-07,Peshawar,Cash,18.0,Female
T0357,C0260,Clothing,Shirt,1,50000,50000,2025-07-23,Islamabad,Easypaisa,63.0,Female
T0358,C0276,Furniture,Bed,2,25000,50000,2025-10-02,Peshawar,Credit Card,35.0,Male
T0359,C0275,Grocery,Rice,4,50000,200000,2025-03-21,Islamabad,Online Payment,55.0,Male
T0360,C0045,Grocery,Coffee,4,500,2000,2025-05-06,Multan,Cash,47.0,Male
T0361,C0071,Grocery,Oil,2,500,1000,2025-12-29,Faisalabad,Cash,28.0,Female
T0362,C0384,Grocery,Snacks,3,2500,7500,2025-03-06,Islamabad,Easypaisa,25.0,Male
T0363,C0135,Grocery,Coffee,5,10000,50000,2025-02-02,Faisalabad,Jazzcash,58.0,Male
T0364,C0440,Furniture,Bed,6,500,3000,2025-09-13,Peshawar,Credit Card,41.0,Male
T0365,C0002,Grocery,Rice,2,1000,2000,2025-09-18,Karachi,Cash,33.0,Male
T0366,C0477,Furniture,Sofa,7,1000,7000,2025-04-02,Karachi,Jazzcash,63.0,Female
T0367,C0139,Clothing,Jacket,4,5000,20000,2025-06-13,Karachi,Jazzcash,41.0,Male
T0368,C0024,Beauty,Perfume,3,1000,3000,2025-09-22,Multan,Cash,47.0,Female
T0369,C0005,Grocery,Snacks,2,10000,20000,2025-08-22,Islamabad,Credit Card,36.0,Female
T0370,C0498,Sports,Cricket Bat,8,2500,20000,2025-10-30,Multan,Credit Card,64.0,Male
T0371,C0278,Clothing,Shirt,7,500,3500,2025-04-30,Islamabad,Easypaisa,62.0,Male
T0372,C0054,Grocery,Rice,7,50000,350000,2025-06-07,Lahore,Jazzcash,33.0,Female
T0373,C0048,Furniture,Chair,3,25000,75000,2025-05-24,Karachi,Credit Card,51.0,Female
T0374,C0298,Sports,Yoga Mat,8,25000,200000,2025-02-13,Karachi,Jazzcash,26.0,Female
T0375,C0122,Electronics,Laptop,7,25000,175000,2025-03-08,Islamabad,Debit Card,38.0,Female
T0376,C0120,Sports,Yoga Mat,6,5000,30000,2025-05-20,Karachi,Credit Card,26.0,Male
T0377,C0161,Clothing,Shirt,3,5000,15000,2025-08-27,Multan,Cash,52.0,Female
T0378,C0437,Clothing,Shoes,5,5000,25000,2025-05-16,Karachi,Cash,28.0,Female
T0379,C0076,Sports,Football,4,50000,200000,2025-06-17,Karachi,Easypaisa,33.0,Female
T0380,C0016,Furniture,Chair,5,2500,12500,2025-03-31,Multan,Online Payment,53.0,Male
T0381,C0063,Electronics,Smart Watch,2,50000,100000,2025-03-13,Karachi,Cash,32.0,Male
T0382,C0481,Clothing,Shoes,6,25000,150000,2025-11-19,Faisalabad,Cash,55.0,Female
T0383,C0228,Electronics,Laptop,2,1000,2000,2025-11-27,Lahore,Cash,39.0,Male
T0384,C0222,Electronics,Smart Watch,1,1000,1000,2025-10-21,Faisalabad,Online Payment,49.0,Male
T0385,C0466,Furniture,Bed,3,2500,7500,2025-04-20,Lahore,Debit Card,35.0,Female
T0386,C0256,Clothing,Shirt,4,25000,100000,2025-06-01,Multan,Jazzcash,48.0,Male
T0387,C0103,Electronics,Headphones,7,1000,7000,2025-08-03,Faisalabad,Jazzcash,33.0,Male
T0388,C0177,Furniture,Sofa,8,10000,80000,2025-09-06,Peshawar,Jazzcash,38.0,Female
T0389,C0113,Grocery,Oil,1,2500,2500,2025-11-02,Karachi,Debit Card,21.0,Female
T0390,C0127,Beauty,Makeup,4,1000,4000,2025-02-21,Faisalabad,Credit Card,35.0,Male
T0391,C0091,Clothing,Shoes,6,50000,300000,2025-03-30,Lahore,Jazzcash,38.0,Female
T0392,C0073,Beauty,Perfume,6,10000,60000,2025-10-16,Peshawar,Credit Card,49.0,Female
T0393,C0120,Clothing,Shoes,1,500,500,2025-01-29,Peshawar,Credit Card,19.0,Female
T0394,C0175,Electronics,Headphones,4,50000,200000,2025-03-08,Faisalabad,Credit Card,38.0,Male
T0395,C0434,Electronics,Mobile Phone,3,50000,150000,2025-02-26,Peshawar,Debit Card,22.0,Female
T0396,C0166,Sports,Dumbbell,2,2500,5000,2025-06-04,Lahore,Credit Card,64.0,Female
T0397,C0496,Sports,Dumbbell,6,1000,6000,2025-12-29,Peshawar,Easypaisa,57.0,Female
T0398,C0151,Clothing,Jeans,7,2500,17500,2025-12-19,Lahore,Credit Card,64.0,Male
T0399,C0163,Sports,Dumbbell,1,1000,1000,2025-11-05,Peshawar,Credit Card,58.0,Male
T0400,C0122,Furniture,Table,6,25000,150000,2025-02-09,Islamabad,Debit Card,28.0,Male
T0401,C0108,Sports,Yoga Mat,8,500,4000,2025-05-16,Lahore,Easypaisa,22.0,Female
T0402,C0225,Grocery,Rice,1,500,500,2025-07-17,Faisalabad,Online Payment,28.0,Female
T0403,C0052,Furniture,Bed,6,10000,60000,2025-07-12,Multan,Jazzcash,59.0,Male
T0404,C0151,Clothing,Shoes,2,50000,100000,2025-01-18,Karachi,Debit Card,34.0,Male
T0405,C0375,Electronics,Headphones,3,5000,15000,2025-03-24,Karachi,Jazzcash,23.0,Female
T0406,C0085,Beauty,Shampoo,1,5000,5000,2025-12-01,Peshawar,Online Payment,28.0,Male
T0407,C0357,Electronics,Headphones,4,1000,4000,2025-07-29,Peshawar,Easypaisa,64.0,Female
T0408,C0026,Sports,Yoga Mat,5,1000,5000,2025-02-19,Multan,Jazzcash,53.0,Female
T0409,C0045,Clothing,Shirt,6,500,3000,2025-08-07,Islamabad,Easypaisa,58.0,Female
T0410,C0327,Clothing,Shirt,1,1000,1000,2025-03-29,Islamabad,Cash,48.0,Male
T0411,C0136,Grocery,Coffee,8,5000,40000,2025-12-05,Karachi,Unknown,52.0,Female
T0412,C0229,Clothing,Jacket,7,2500,17500,2025-04-06,Unknown,Debit Card,46.0,Female
T0413,C0078,Grocery,Oil,5,10000,50000,2025-02-01,Faisalabad,Easypaisa,24.0,Male
T0414,C0117,Sports,Yoga Mat,7,50000,350000,2025-10-29,Peshawar,Cash,42.0,Female
T0415,C0041,Beauty,Shampoo,4,5000,20000,2025-06-03,Multan,Easypaisa,20.0,Male
T0416,C0414,Electronics,Smart Watch,3,1000,3000,2025-04-19,Lahore,Credit Card,20.0,Female
T0417,C0076,Electronics,Smart Watch,4,50000,200000,2025-11-18,Peshawar,Debit Card,38.0,Male
T0418,C0439,Electronics,Smart Watch,7,10000,70000,2025-06-16,Islamabad,Jazzcash,47.0,Male
T0419,C0076,Sports,Dumbbell,2,5000,10000,2025-03-18,Peshawar,Jazzcash,55.0,Male
T0420,C0451,Electronics,Laptop,5,50000,250000,2025-10-02,Islamabad,Online Payment,34.0,Female
T0421,C0142,Sports,Dumbbell,8,500,4000,2025-03-30,Multan,Credit Card,57.0,Female
T0422,C0026,Electronics,Smart Watch,6,25000,150000,2025-05-02,Faisalabad,Online Payment,35.0,Female
T0423,C0432,Electronics,Headphones,5,2500,12500,2025-05-24,Multan,Easypaisa,61.0,Male
T0424,C0397,Clothing,Jeans,5,25000,125000,2025-08-15,Unknown,Debit Card,64.0,Female
T0425,C0468,Beauty,Perfume,4,5000,20000,2025-04-19,Multan,Easypaisa,49.0,Female
T0426,C0260,Electronics,Mobile Phone,2,2500,5000,2025-12-30,Multan,Credit Card,51.0,Male
T0427,C0128,Clothing,Jeans,4,50000,200000,2025-01-30,Karachi,Online Payment,21.0,Female
T0428,C0259,Sports,Cricket Bat,5,2500,12500,2025-08-26,Multan,Easypaisa,25.0,Male
T0429,C0091,Clothing,Jacket,8,10000,80000,2025-08-17,Multan,Jazzcash,53.0,Female
T0430,C0047,Grocery,Oil,5,25000,125000,2025-12-19,Islamabad,Cash,42.0,Male
T0431,C0347,Clothing,Jeans,4,25000,100000,2025-04-26,Lahore,Debit Card,59.0,Female
T0432,C0332,Beauty,Perfume,1,5000,5000,2025-03-09,Lahore,Jazzcash,18.0,Male
T0433,C0437,Grocery,Snacks,5,5000,25000,2025-07-12,Islamabad,Online Payment,34.0,Male
T0434,C0004,Furniture,Sofa,7,10000,70000,2025-02-22,Peshawar,Easypaisa,41.0,Female
T0435,C0142,Grocery,Rice,8,500,4000,2025-06-22,Faisalabad,Debit Card,35.0,Female
T0436,C0392,Sports,Yoga Mat,4,1000,4000,2025-09-22,Lahore,Cash,56.0,Female
T0437,C0336,Sports,Yoga Mat,3,25000,75000,2025-01-14,Multan,Debit Card,34.0,Female
T0438,C0293,Furniture,Bed,1,10000,10000,2025-12-29,Lahore,Debit Card,64.0,Male
T0439,C0433,Sports,Dumbbell,6,10000,60000,2025-06-03,Lahore,Easypaisa,53.0,Male
T0440,C0372,Grocery,Rice,8,1000,8000,2025-05-13,Unknown,Credit Card,61.0,Female
T0441,C0382,Sports,Football,4,2500,10000,2025-04-25,Islamabad,Online Payment,39.0,Female
T0442,C0241,Grocery,Snacks,8,50000,400000,2025-03-02,Karachi,Easypaisa,55.0,Male
T0443,C0196,Furniture,Table,2,50000,100000,2025-12-15,Peshawar,Debit Card,44.0,Male
T0444,C0292,Clothing,Jeans,4,2500,10000,2025-07-29,Multan,Credit Card,38.0,Male
T0445,C0161,Electronics,Smart Watch,6,25000,150000,2025-04-01,Faisalabad,Cash,18.0,Female
T0446,C0251,Grocery,Oil,3,10000,30000,2025-03-23,Karachi,Credit Card,57.0,Female
T0447,C0197,Sports,Dumbbell,7,5000,35000,2025-09-02,Karachi,Cash,52.0,Male
T0448,C0098,Sports,Yoga Mat,1,2500,2500,2025-09-29,Karachi,Easypaisa,18.0,Male
T0449,C0197,Clothing,Jacket,5,1000,5000,2025-02-22,Peshawar,Jazzcash,37.0,Male
T0450,C0373,Electronics,Laptop,5,2500,12500,2025-08-22,Peshawar,Jazzcash,51.0,Female
T0451,C0385,Furniture,Table,6,5000,30000,2025-07-03,Lahore,Credit Card,43.0,Male
T0452,C0302,Clothing,Jeans,3,1000,3000,2025-01-12,Peshawar,Credit Card,25.0,Female
T0453,C0395,Sports,Football,7,25000,175000,2025-05-11,Peshawar,Jazzcash,21.0,Male
T0454,C0060,Sports,Football,1,500,500,2025-12-20,Multan,Online Payment,42.0,Male
T0455,C0106,Beauty,Makeup,8,25000,200000,2025-03-20,Faisalabad,Easypaisa,58.0,Male
T0456,C0139,Grocery,Coffee,2,25000,50000,2025-09-24,Peshawar,Jazzcash,62.0,Male
T0457,C0402,Furniture,Chair,2,2500,5000,2025-02-28,Karachi,Online Payment,30.0,Male
T0458,C0152,Grocery,Oil,6,25000,150000,2025-07-29,Lahore,Cash,53.0,Female
T0459,C0007,Clothing,Shoes,6,1000,6000,2025-01-02,Faisalabad,Cash,25.0,Female
T0460,C0464,Clothing,Shirt,2,25000,50000,2025-02-21,Islamabad,Easypaisa,32.0,Female
T0461,C0417,Grocery,Snacks,8,500,4000,2025-02-21,Lahore,Cash,36.0,Female
T0462,C0049,Sports,Yoga Mat,7,25000,175000,2025-03-01,Karachi,Cash,26.0,Male
T0463,C0450,Grocery,Snacks,8,10000,80000,2025-05-18,Faisalabad,Cash,41.0,Female
T0464,C0140,Clothing,Shirt,7,5000,35000,2025-08-22,Multan,Easypaisa,48.0,Female
T0465,C0372,Sports,Cricket Bat,2,1000,2000,2025-12-23,Karachi,Credit Card,24.0,Female
T0466,C0195,Beauty,Shampoo,8,1000,8000,2025-11-09,Islamabad,Jazzcash,19.0,Male
T0467,C0024,Furniture,Bed,2,5000,10000,2025-08-14,Karachi,Debit Card,59.0,Female
T0468,C0353,Electronics,Mobile Phone,6,10000,60000,2025-09-25,Faisalabad,Jazzcash,24.0,Female
T0469,C0347,Sports,Cricket Bat,8,2500,20000,2025-12-06,Faisalabad,Online Payment,27.0,Male
T0470,C0446,Electronics,Mobile Phone,8,50000,400000,2025-09-11,Lahore,Cash,49.0,Female
T0471,C0115,Clothing,Jacket,5,500,2500,2025-09-17,Peshawar,Easypaisa,42.0,Female
T0472,C0230,Clothing,Shirt,8,5000,40000,2025-10-21,Karachi,Online Payment,46.0,Female
T0473,C0212,Electronics,Smart Watch,1,500,500,2025-07-26,Karachi,Jazzcash,53.0,Male
T0474,C0234,Electronics,Headphones,4,25000,100000,2025-12-10,Islamabad,Debit Card,21.0,Male
T0475,C0187,Furniture,Sofa,8,25000,200000,2025-12-03,Faisalabad,Online Payment,25.0,Male
T0476,C0425,Sports,Cricket Bat,1,2500,2500,2025-07-01,Faisalabad,Debit Card,53.0,Female
T0477,C0072,Sports,Football,1,1000,1000,2025-09-10,Faisalabad,Easypaisa,64.0,Female
T0478,C0477,Electronics,Headphones,4,1000,4000,2025-03-03,Multan,Credit Card,47.0,Male
T0479,C0024,Sports,Yoga Mat,2,50000,100000,2025-08-01,Faisalabad,Easypaisa,55.0,Male
T0480,C0272,Furniture,Bed,3,5000,15000,2025-01-03,Faisalabad,Cash,53.0,Female
T0481,C0089,Beauty,Shampoo,3,25000,75000,2025-10-24,Faisalabad,Credit Card,24.0,Female
T0482,C0469,Sports,Yoga Mat,7,5000,35000,2025-11-08,Faisalabad,Credit Card,35.0,Female
T0483,C0071,Grocery,Snacks,8,50000,400000,2025-03-10,Multan,Jazzcash,62.0,Female
T0484,C0320,Sports,Yoga Mat,4,1000,4000,2025-04-18,Faisalabad,Debit Card,61.0,Female
T0485,C0356,Sports,Cricket Bat,3,10000,30000,2025-10-05,Faisalabad,Debit Card,63.0,Male
T0486,C0147,Grocery,Coffee,7,25000,175000,2025-10-01,Multan,Cash,51.0,Male
T0487,C0029,Electronics,Smart Watch,3,500,1500,2025-12-10,Lahore,Debit Card,28.0,Female
T0488,C0354,Sports,Yoga Mat,3,50000,150000,2025-02-01,Islamabad,Credit Card,52.0,Male
T0489,C0379,Grocery,Coffee,2,10000,20000,2025-12-12,Peshawar,Credit Card,65.0,Female
T0490,C0214,Clothing,Jacket,1,5000,5000,2025-07-18,Faisalabad,Debit Card,53.0,Male
T0491,C0425,Electronics,Headphones,4,10000,40000,2025-08-15,Lahore,Easypaisa,63.0,Female
T0492,C0091,Beauty,Skin Care,4,2500,10000,2025-08-18,Faisalabad,Cash,29.0,Male
T0493,C0143,Sports,Football,7,500,3500,2025-08-08,Peshawar,Debit Card,26.0,Male
T0494,C0364,Beauty,Makeup,1,2500,2500,2025-08-27,Lahore,Cash,27.0,Female
T0495,C0282,Beauty,Perfume,5,5000,25000,2025-10-21,Islamabad,Cash,63.0,Female
T0496,C0403,Beauty,Skin Care,3,10000,30000,2025-02-04,Peshawar,Credit Card,41.0,Female
T0497,C0170,Electronics,Headphones,4,1000,4000,2025-12-06,Islamabad,Debit Card,36.0,Male
T0498,C0178,Beauty,Shampoo,1,500,500,2025-12-09,Multan,Credit Card,59.0,Male
T0499,C0198,Electronics,Headphones,7,50000,350000,2025-02-28,Islamabad,Jazzcash,64.0,Female
T0500,C0152,Electronics,Headphones,8,5000,40000,2025-01-23,Faisalabad,Credit Card,38.0,Male
T0501,C0108,Electronics,Mobile Phone,1,25000,25000,2025-02-03,Faisalabad,Easypaisa,31.0,Female
T0502,C0383,Electronics,Mobile Phone,7,25000,175000,2025-02-06,Faisalabad,Credit Card,19.0,Female
T0503,C0028,Sports,Yoga Mat,1,500,500,2025-02-07,Lahore,Debit Card,53.0,Male
T0504,C0231,Beauty,Skin Care,5,5000,25000,2025-07-18,Faisalabad,Online Payment,45.0,Female
T0505,C0329,Electronics,Smart Watch,2,10000,20000,2025-01-04,Faisalabad,Jazzcash,22.0,Male
T0506,C0149,Sports,Football,6,10000,60000,2025-02-24,Faisalabad,Debit Card,56.0,Male
T0507,C0016,Grocery,Coffee,7,5000,35000,2025-12-05,Multan,Credit Card,52.0,Male
T0508,C0153,Clothing,Shoes,5,25000,125000,2025-03-15,Faisalabad,Easypaisa,59.0,Female
T0509,C0294,Electronics,Mobile Phone,2,500,1000,2025-01-03,Peshawar,Online Payment,52.0,Male
T0510,C0464,Grocery,Oil,6,1000,6000,2025-07-31,Faisalabad,Jazzcash,27.0,Male
T0511,C0093,Clothing,Jeans,5,1000,5000,2025-02-28,Faisalabad,Unknown,21.0,Female
T0512,C0129,Sports,Football,5,25000,125000,2025-02-04,Karachi,Credit Card,64.0,Female
T0513,C0121,Grocery,Snacks,3,25000,75000,2025-12-02,Karachi,Debit Card,57.0,Male
T0514,C0316,Clothing,Jacket,8,5000,40000,2025-06-18,Faisalabad,Debit Card,62.0,Male
T0515,C0003,Beauty,Makeup,6,5000,30000,2025-03-28,Islamabad,Credit Card,32.0,Female
T0516,C0450,Grocery,Snacks,3,25000,75000,2025-06-19,Multan,Online Payment,46.0,Female
T0517,C0311,Grocery,Coffee,2,1000,2000,2025-11-27,Karachi,Debit Card,26.0,Male
T0518,C0324,Grocery,Rice,2,500,1000,2025-09-17,Karachi,Jazzcash,55.0,Female
T0519,C0279,Beauty,Skin Care,1,10000,10000,2025-05-14,Peshawar,Online Payment,59.0,Male
T0520,C0376,Grocery,Coffee,4,50000,200000,2025-10-29,Islamabad,Credit Card,47.0,Male
T0521,C0435,Furniture,Sofa,1,25000,25000,2025-05-03,Peshawar,Easypaisa,28.0,Male
T0522,C0338,Furniture,Table,3,10000,30000,2025-10-17,Lahore,Easypaisa,64.0,Female
T0523,C0119,Grocery,Rice,4,50000,200000,2025-09-07,Karachi,Debit Card,41.0,Male
T0524,C0470,Electronics,Mobile Phone,6,5000,30000,2025-08-29,Unknown,Cash,20.0,Female
T0525,C0292,Electronics,Headphones,5,10000,50000,2025-10-06,Lahore,Online Payment,59.0,Female
T0526,C0265,Grocery,Rice,5,5000,25000,2025-04-25,Multan,Debit Card,40.0,Female
T0527,C0118,Furniture,Chair,3,5000,15000,2025-03-26,Karachi,Jazzcash,59.0,Female
T0528,C0309,Clothing,Jeans,3,1000,3000,2025-07-05,Faisalabad,Cash,60.0,Male
T0529,C0246,Furniture,Sofa,2,5000,10000,2025-12-12,Multan,Unknown,55.0,Male
T0530,C0066,Sports,Dumbbell,1,1000,1000,2025-01-23,Peshawar,Jazzcash,28.0,Male
T0531,C0133,Sports,Football,3,500,1500,2025-03-27,Lahore,Jazzcash,43.0,Male
T0532,C0311,Sports,Yoga Mat,2,1000,2000,2025-08-18,Multan,Online Payment,28.0,Male
T0533,C0262,Furniture,Table,3,10000,30000,2025-12-04,Islamabad,Credit Card,64.0,Female
T0534,C0068,Furniture,Chair,4,5000,20000,2025-07-17,Karachi,Cash,30.0,Female
T0535,C0308,Clothing,Shirt,3,5000,15000,2025-11-11,Karachi,Jazzcash,50.0,Male
T0536,C0424,Electronics,Smart Watch,3,10000,30000,2025-10-04,Karachi,Easypaisa,59.0,Female
T0537,C0358,Beauty,Shampoo,6,50000,300000,2025-01-23,Peshawar,Online Payment,32.0,Female
T0538,C0131,Furniture,Sofa,2,5000,10000,2025-03-10,Multan,Credit Card,23.0,Female
T0539,C0364,Beauty,Shampoo,5,1000,5000,2025-01-03,Faisalabad,Cash,54.0,Male
T0540,C0353,Beauty,Perfume,7,25000,175000,2025-04-16,Islamabad,Online Payment,41.0,Male
T0541,C0217,Clothing,Shoes,5,2500,12500,2025-10-02,Peshawar,Debit Card,57.0,Female
T0542,C0402,Sports,Dumbbell,4,5000,20000,2025-10-10,Peshawar,Online Payment,29.0,Female
T0543,C0177,Beauty,Shampoo,5,2500,12500,2025-10-23,Faisalabad,Online Payment,65.0,Male
T0544,C0487,Sports,Football,4,5000,20000,2025-12-25,Lahore,Cash,31.0,Female
T0545,C0003,Grocery,Rice,3,5000,15000,2025-11-22,Karachi,Credit Card,48.0,Female
T0546,C0041,Electronics,Laptop,5,1000,5000,2025-07-09,Peshawar,Cash,64.0,Female
T0547,C0328,Furniture,Sofa,1,50000,50000,2025-03-31,Multan,Online Payment,18.0,Male
T0548,C0262,Sports,Yoga Mat,4,500,2000,2025-11-03,Peshawar,Easypaisa,32.0,Male
T0549,C0001,Sports,Football,6,1000,6000,2025-12-02,Lahore,Cash,35.0,Female
T0550,C0266,Grocery,Coffee,7,10000,70000,2025-04-13,Karachi,Easypaisa,63.0,Male
T0551,C0116,Electronics,Headphones,6,2500,15000,2025-05-22,Peshawar,Credit Card,47.0,Female
T0552,C0260,Beauty,Perfume,5,1000,5000,2025-07-28,Karachi,Jazzcash,22.0,Female
T0553,C0129,Grocery,Rice,5,10000,50000,2025-10-22,Faisalabad,Online Payment,42.0,Female
T0554,C0460,Clothing,Jacket,8,25000,200000,2025-08-24,Peshawar,Cash,48.0,Male
T0555,C0347,Grocery,Rice,7,25000,175000,2025-04-23,Faisalabad,Credit Card,38.0,Female
T0556,C0048,Grocery,Rice,5,1000,5000,2025-05-28,Multan,Easypaisa,65.0,Female
T0557,C0112,Electronics,Mobile Phone,8,2500,20000,2025-07-01,Peshawar,Debit Card,29.0,Male
T0558,C0447,Furniture,Table,4,25000,100000,2025-05-04,Islamabad,Credit Card,32.0,Male
T0559,C0062,Clothing,Jacket,3,50000,150000,2025-02-24,Karachi,Easypaisa,60.0,Female
T0560,C0191,Beauty,Perfume,1,50000,50000,2025-09-04,Peshawar,Debit Card,49.0,Female
T0561,C0385,Furniture,Table,5,5000,25000,2025-04-24,Peshawar,Credit Card,21.0,Female
T0562,C0398,Furniture,Chair,6,5000,30000,2025-12-18,Lahore,Online Payment,25.0,Female
T0563,C0195,Grocery,Rice,1,25000,25000,2025-04-18,Peshawar,Cash,38.0,Female
T0564,C0122,Beauty,Makeup,3,10000,30000,2025-05-15,Islamabad,Online Payment,57.0,Female
T0565,C0215,Grocery,Oil,8,5000,40000,2025-04-18,Faisalabad,Debit Card,41.0,Female
T0566,C0295,Grocery,Coffee,3,10000,30000,2025-03-09,Faisalabad,Credit Card,24.0,Female
T0567,C0410,Clothing,Shoes,7,1000,7000,2025-03-16,Faisalabad,Credit Card,48.0,Male
T0568,C0265,Clothing,Shoes,8,1000,8000,2025-11-19,Peshawar,Easypaisa,38.0,Female
T0569,C0354,Grocery,Snacks,1,5000,5000,2025-02-20,Lahore,Cash,31.0,Female
T0570,C0134,Furniture,Chair,8,25000,200000,2025-06-21,Islamabad,Debit Card,53.0,Female
T0571,C0445,Grocery,Rice,7,500,3500,2025-06-29,Faisalabad,Jazzcash,30.0,Male
T0572,C0250,Grocery,Snacks,6,25000,150000,2025-09-19,Faisalabad,Online Payment,23.0,Female
T0573,C0445,Beauty,Makeup,8,25000,200000,2025-03-16,Lahore,Easypaisa,39.0,Female
T0574,C0176,Sports,Dumbbell,2,500,1000,2025-03-24,Lahore,Debit Card,38.0,Female
T0575,C0400,Sports,Yoga Mat,7,2500,17500,2025-08-16,Islamabad,Easypaisa,55.0,Female
T0576,C0065,Furniture,Table,3,50000,150000,2025-01-12,Faisalabad,Credit Card,60.0,Female
T0577,C0053,Sports,Football,4,1000,4000,2025-07-23,Karachi,Cash,48.0,Male
T0578,C0317,Electronics,Smart Watch,2,500,1000,2025-05-15,Lahore,Cash,59.0,Female
T0579,C0227,Grocery,Oil,4,25000,100000,2025-05-26,Faisalabad,Credit Card,26.0,Male
T0580,C0443,Electronics,Laptop,6,50000,300000,2025-06-16,Multan,Online Payment,52.0,Female
T0581,C0091,Beauty,Shampoo,3,25000,75000,2025-10-04,Peshawar,Jazzcash,47.0,Female
T0582,C0117,Beauty,Makeup,6,5000,30000,2025-10-04,Karachi,Online Payment,37.0,Female
T0583,C0001,Furniture,Sofa,3,2500,7500,2025-01-06,Peshawar,Credit Card,40.0,Female
T0584,C0154,Furniture,Chair,8,50000,400000,2025-09-02,Karachi,Online Payment,36.0,Male
T0585,C0224,Electronics,Headphones,4,5000,20000,2025-10-15,Multan,Credit Card,28.0,Female
T0586,C0321,Furniture,Table,5,500,2500,2025-08-05,Lahore,Jazzcash,57.0,Female
T0587,C0094,Grocery,Snacks,7,1000,7000,2025-02-05,Lahore,Debit Card,25.0,Female
T0588,C0252,Beauty,Shampoo,5,25000,125000,2025-11-15,Lahore,Debit Card,19.0,Male
T0589,C0138,Electronics,Laptop,3,500,1500,2025-05-25,Lahore,Easypaisa,46.0,Male
T0590,C0112,Clothing,Shirt,3,500,1500,2025-09-10,Islamabad,Online Payment,37.0,Female
T0591,C0432,Grocery,Coffee,1,2500,2500,2025-02-11,Lahore,Cash,35.0,Female
T0592,C0419,Electronics,Smart Watch,3,1000,3000,2025-05-09,Multan,Cash,25.0,Male
T0593,C0102,Furniture,Bed,4,25000,100000,2025-01-18,Multan,Easypaisa,24.0,Male
T0594,C0323,Furniture,Bed,5,2500,12500,2025-03-23,Faisalabad,Cash,65.0,Male
T0595,C0455,Grocery,Coffee,5,1000,5000,2025-07-04,Karachi,Easypaisa,31.0,Male
T0596,C0407,Clothing,Shoes,6,500,3000,2025-03-27,Islamabad,Unknown,25.0,Female
T0597,C0244,Clothing,Shirt,1,10000,10000,2025-12-20,Faisalabad,Jazzcash,27.0,Female
T0598,C0352,Electronics,Mobile Phone,3,5000,15000,2025-02-16,Peshawar,Debit Card,58.0,Male
T0599,C0406,Electronics,Headphones,3,25000,75000,2025-10-02,Karachi,Credit Card,49.0,Male
T0600,C0011,Grocery,Snacks,8,25000,200000,2025-04-09,Faisalabad,Online Payment,40.0,Male
T0601,C0287,Grocery,Rice,8,25000,200000,2025-08-13,Islamabad,Jazzcash,62.0,Female
T0602,C0141,Clothing,Jeans,6,2500,15000,2025-08-28,Peshawar,Jazzcash,28.0,Male
T0603,C0278,Beauty,Skin Care,8,2500,20000,2025-05-15,Islamabad,Online Payment,18.0,Female
T0604,C0398,Sports,Cricket Bat,1,10000,10000,2025-07-06,Peshawar,Credit Card,38.0,Male
T0605,C0255,Sports,Dumbbell,4,10000,40000,2025-12-16,Peshawar,Credit Card,57.0,Female
T0606,C0268,Grocery,Coffee,6,500,3000,2025-02-19,Faisalabad,Cash,20.0,Male
T0607,C0099,Clothing,Shirt,4,500,2000,2025-09-06,Karachi,Cash,54.0,Female
T0608,C0114,Sports,Dumbbell,5,500,2500,2025-07-07,Peshawar,Easypaisa,22.0,Male
T0609,C0032,Clothing,Shoes,2,5000,10000,2025-11-24,Islamabad,Jazzcash,65.0,Female
T0610,C0376,Grocery,Rice,5,10000,50000,2025-01-21,Karachi,Debit Card,22.0,Male
T0611,C0273,Beauty,Perfume,2,25000,50000,2025-04-29,Multan,Credit Card,30.0,Male
T0612,C0393,Beauty,Skin Care,7,25000,175000,2025-02-24,Faisalabad,Jazzcash,40.0,Female
T0613,C0282,Sports,Dumbbell,2,1000,2000,2025-04-03,Multan,Jazzcash,39.0,Male
T0614,C0167,Beauty,Shampoo,6,2500,15000,2025-10-09,Islamabad,Online Payment,58.0,Female
T0615,C0110,Sports,Yoga Mat,4,10000,40000,2025-10-07,Multan,Jazzcash,65.0,Female
T0616,C0372,Grocery,Coffee,8,5000,40000,2025-01-01,Karachi,Debit Card,56.0,Male
T0617,C0114,Beauty,Skin Care,5,500,2500,2025-06-03,Lahore,Debit Card,19.0,Female
T0618,C0183,Beauty,Skin Care,2,500,1000,2025-08-24,Lahore,Credit Card,34.0,Female
T0619,C0048,Beauty,Skin Care,4,2500,10000,2025-06-03,Peshawar,Online Payment,54.0,Male
T0620,C0089,Sports,Football,6,50000,300000,2025-09-05,Multan,Easypaisa,62.0,Male
T0621,C0196,Beauty,Makeup,1,25000,25000,2025-10-23,Karachi,Cash,39.0,Female
T0622,C0383,Furniture,Bed,2,50000,100000,2025-04-27,Faisalabad,Jazzcash,18.0,Female
T0623,C0290,Electronics,Headphones,1,2500,2500,2025-10-04,Lahore,Debit Card,50.0,Male
T0624,C0295,Clothing,Shirt,7,5000,35000,2025-11-01,Peshawar,Cash,32.0,Female
T0625,C0043,Grocery,Coffee,3,1000,3000,2025-06-22,Multan,Jazzcash,65.0,Male
T0626,C0257,Beauty,Shampoo,5,500,2500,2025-07-24,Multan,Easypaisa,26.0,Male
T0627,C0293,Furniture,Table,8,5000,40000,2025-11-30,Lahore,Jazzcash,57.0,Male
T0628,C0166,Clothing,Shirt,5,50000,250000,2025-08-09,Faisalabad,Jazzcash,23.0,Male
T0629,C0098,Sports,Dumbbell,7,2500,17500,2025-06-28,Islamabad,Debit Card,56.0,Male
T0630,C0320,Grocery,Oil,6,10000,60000,2025-08-15,Lahore,Online Payment,20.0,Male
T0631,C0058,Clothing,Jacket,3,50000,150000,2025-02-13,Faisalabad,Cash,33.0,Male
T0632,C0157,Grocery,Rice,6,25000,150000,2025-02-26,Multan,Online Payment,19.0,Female
T0633,C0385,Clothing,Jeans,4,10000,40000,2025-09-25,Islamabad,Jazzcash,48.0,Male
T0634,C0270,Sports,Football,7,10000,70000,2025-12-06,Karachi,Debit Card,28.0,Male
T0635,C0336,Grocery,Oil,5,500,2500,2025-08-27,Karachi,Cash,42.0,Female
T0636,C0445,Sports,Yoga Mat,2,500,1000,2025-05-30,Faisalabad,Online Payment,32.0,Female
T0637,C0273,Beauty,Perfume,6,5000,30000,2025-11-02,Karachi,Credit Card,30.0,Female
T0638,C0157,Beauty,Perfume,1,1000,1000,2025-09-29,Islamabad,Online Payment,43.0,Male
T0639,C0155,Electronics,Headphones,6,2500,15000,2025-11-17,Lahore,Jazzcash,35.0,Male
T0640,C0484,Sports,Yoga Mat,7,50000,350000,2025-01-16,Peshawar,Debit Card,32.0,Male
T0641,C0267,Grocery,Coffee,3,500,1500,2025-07-15,Faisalabad,Jazzcash,58.0,Male
T0642,C0466,Furniture,Table,3,5000,15000,2025-06-09,Peshawar,Debit Card,46.0,Male
T0643,C0159,Clothing,Jeans,4,50000,200000,2025-03-12,Faisalabad,Easypaisa,51.0,Male
T0644,C0286,Furniture,Table,3,2500,7500,2025-02-04,Peshawar,Easypaisa,41.0,Male
T0645,C0451,Grocery,Oil,1,50000,50000,2025-06-13,Multan,Unknown,37.0,Female
T0646,C0055,Sports,Yoga Mat,3,50000,150000,2025-04-07,Lahore,Credit Card,19.0,Female
T0647,C0014,Beauty,Skin Care,4,1000,4000,2025-12-18,Islamabad,Cash,62.0,Female
T0648,C0252,Clothing,Shoes,6,1000,6000,2025-07-18,Multan,Credit Card,28.0,Male
T0649,C0474,Clothing,Shirt,7,50000,350000,2025-01-08,Islamabad,Online Payment,32.0,Male
T0650,C0251,Clothing,Shirt,3,5000,15000,2025-11-12,Faisalabad,Debit Card,47.0,Male
T0651,C0369,Furniture,Bed,1,10000,10000,2025-07-14,Islamabad,Online Payment,57.0,Male
T0652,C0450,Beauty,Perfume,8,5000,40000,2025-01-22,Lahore,Jazzcash,52.0,Female
T0653,C0493,Sports,Football,7,10000,70000,2025-11-19,Karachi,Credit Card,36.0,Female
T0654,C0217,Furniture,Sofa,5,5000,25000,2025-03-27,Islamabad,Jazzcash,21.0,Male
T0655,C0058,Furniture,Bed,2,25000,50000,2025-09-14,Lahore,Jazzcash,62.0,Male
T0656,C0092,Furniture,Bed,6,5000,30000,2025-01-13,Multan,Jazzcash,41.0,Male
T0657,C0333,Furniture,Chair,5,2500,12500,2025-12-21,Faisalabad,Credit Card,63.0,Male
T0658,C0044,Electronics,Laptop,8,25000,200000,2025-07-05,Peshawar,Unknown,42.0,Male
T0659,C0468,Furniture,Bed,1,50000,50000,2025-03-29,Islamabad,Jazzcash,60.0,Male
T0660,C0027,Clothing,Jeans,3,50000,150000,2025-12-31,Multan,Debit Card,37.0,Female
T0661,C0002,Grocery,Oil,2,1000,2000,2025-04-14,Peshawar,Debit Card,18.0,Female
T0662,C0122,Furniture,Bed,1,10000,10000,2025-09-10,Lahore,Jazzcash,60.0,Female
T0663,C0308,Furniture,Bed,8,500,4000,2025-11-04,Karachi,Credit Card,53.0,Female
T0664,C0029,Beauty,Skin Care,1,1000,1000,2025-03-17,Faisalabad,Debit Card,20.0,Male
T0665,C0056,Electronics,Headphones,6,500,3000,2025-01-26,Multan,Credit Card,28.0,Female
T0666,C0185,Beauty,Skin Care,8,25000,200000,2025-10-24,Karachi,Cash,37.0,Female
T0667,C0432,Grocery,Coffee,2,50000,100000,2025-08-07,Peshawar,Cash,36.0,Female
T0668,C0212,Clothing,Shirt,5,2500,12500,2025-09-27,Peshawar,Credit Card,62.0,Male
T0669,C0271,Beauty,Perfume,2,10000,20000,2025-11-19,Karachi,Online Payment,64.0,Female
T0670,C0320,Furniture,Sofa,5,10000,50000,2025-10-22,Islamabad,Credit Card,57.0,Female
T0671,C0453,Beauty,Shampoo,8,50000,400000,2025-04-03,Peshawar,Credit Card,63.0,Female
T0672,C0321,Clothing,Shirt,2,500,1000,2025-08-27,Karachi,Easypaisa,31.0,Female
T0673,C0413,Furniture,Chair,6,2500,15000,2025-10-14,Faisalabad,Credit Card,18.0,Male
T0674,C0158,Sports,Yoga Mat,5,50000,250000,2025-02-04,Islamabad,Jazzcash,53.0,Female
T0675,C0371,Electronics,Laptop,6,2500,15000,2025-07-22,Peshawar,Jazzcash,19.0,Male
T0676,C0470,Clothing,Jacket,6,25000,150000,2025-09-03,Multan,Cash,59.0,Male
T0677,C0459,Furniture,Table,8,50000,400000,2025-10-02,Islamabad,Online Payment,44.0,Male
T0678,C0010,Beauty,Makeup,6,10000,60000,2025-10-02,Lahore,Jazzcash,61.0,Female
T0679,C0174,Grocery,Rice,3,2500,7500,2025-01-16,Multan,Easypaisa,52.0,Male
T0680,C0443,Beauty,Shampoo,3,10000,30000,2025-03-01,Islamabad,Easypaisa,38.0,Male
T0681,C0191,Grocery,Coffee,2,5000,10000,2025-05-02,Multan,Debit Card,31.0,Female
T0682,C0399,Clothing,Shirt,6,50000,300000,2025-01-20,Lahore,Cash,46.0,Male
T0683,C0376,Furniture,Table,4,2500,10000,2025-09-05,Peshawar,Debit Card,38.0,Male
T0684,C0236,Electronics,Mobile Phone,4,25000,100000,2025-01-19,Multan,Easypaisa,51.0,Male
T0685,C0447,Electronics,Headphones,1,25000,25000,2025-11-01,Karachi,Debit Card,47.0,Male
T0686,C0328,Electronics,Headphones,1,10000,10000,2025-06-09,Lahore,Debit Card,30.0,Male
T0687,C0344,Grocery,Snacks,6,50000,300000,2025-08-14,Karachi,Debit Card,27.0,Male
T0688,C0264,Grocery,Rice,1,10000,10000,2025-10-14,Karachi,Credit Card,52.0,Female
T0689,C0412,Beauty,Makeup,5,1000,5000,2025-12-27,Islamabad,Jazzcash,33.0,Male
T0690,C0026,Electronics,Headphones,6,10000,60000,2025-08-16,Lahore,Cash,48.0,Male
T0691,C0201,Electronics,Smart Watch,1,500,500,2025-08-07,Lahore,Easypaisa,56.0,Female
T0692,C0366,Beauty,Makeup,5,2500,12500,2025-04-12,Faisalabad,Jazzcash,23.0,Female
T0693,C0240,Beauty,Skin Care,2,50000,100000,2025-12-24,Karachi,Online Payment,37.0,Female
T0694,C0133,Furniture,Table,4,1000,4000,2025-11-12,Islamabad,Online Payment,29.0,Female
T0695,C0244,Grocery,Coffee,8,500,4000,2025-02-03,Karachi,Debit Card,48.0,Female
T0696,C0066,Clothing,Jacket,6,10000,60000,2025-10-22,Peshawar,Cash,43.0,Male
T0697,C0206,Grocery,Rice,5,10000,50000,2025-08-25,Peshawar,Online Payment,33.0,Male
T0698,C0175,Beauty,Skin Care,8,5000,40000,2025-02-03,Lahore,Easypaisa,55.0,Female
T0699,C0343,Furniture,Sofa,4,1000,4000,2025-12-06,Karachi,Easypaisa,41.0,Female
T0700,C0421,Electronics,Smart Watch,6,10000,60000,2025-02-19,Multan,Credit Card,37.0,Female
T0701,C0331,Electronics,Laptop,7,2500,17500,2025-09-11,Faisalabad,Cash,23.0,Male
T0702,C0232,Clothing,Shirt,3,25000,75000,2025-03-18,Peshawar,Debit Card,42.0,Female
T0703,C0407,Clothing,Jeans,6,2500,15000,2025-10-19,Faisalabad,Debit Card,45.0,Female
T0704,C0437,Electronics,Laptop,7,50000,350000,2025-03-07,Islamabad,Cash,41.0,Male
T0705,C0444,Electronics,Headphones,2,50000,100000,2025-05-25,Karachi,Credit Card,45.0,Female
T0706,C0223,Sports,Yoga Mat,7,5000,35000,2025-07-15,Peshawar,Credit Card,60.0,Male
T0707,C0432,Furniture,Table,4,10000,40000,2025-07-16,Islamabad,Online Payment,27.0,Female
T0708,C0332,Sports,Cricket Bat,3,500,1500,2025-02-06,Karachi,Credit Card,64.0,Female
T0709,C0329,Sports,Dumbbell,3,500,1500,2025-03-12,Multan,Online Payment,62.0,Female
T0710,C0283,Beauty,Skin Care,8,10000,80000,2025-08-06,Multan,Online Payment,40.0,Male
T0711,C0434,Clothing,Shoes,1,10000,10000,2025-09-13,Faisalabad,Credit Card,63.0,Female
T0712,C0248,Furniture,Sofa,1,500,500,2025-10-18,Faisalabad,Debit Card,25.0,Female
T0713,C0440,Sports,Football,3,25000,75000,2025-09-27,Islamabad,Online Payment,51.0,Male
T0714,C0380,Beauty,Perfume,4,5000,20000,2025-11-19,Faisalabad,Easypaisa,22.0,Female
T0715,C0241,Beauty,Perfume,6,10000,60000,2025-01-06,Multan,Jazzcash,48.0,Female
T0716,C0019,Furniture,Sofa,5,2500,12500,2025-03-27,Faisalabad,Jazzcash,65.0,Female
T0717,C0297,Sports,Yoga Mat,1,25000,25000,2025-08-31,Lahore,Jazzcash,21.0,Female
T0718,C0065,Sports,Football,5,5000,25000,2025-02-12,Peshawar,Cash,35.0,Female
T0719,C0008,Clothing,Jacket,5,50000,250000,2025-05-12,Faisalabad,Cash,56.0,Male
T0720,C0134,Beauty,Skin Care,8,2500,20000,2025-03-31,Faisalabad,Credit Card,49.0,Male
T0721,C0305,Beauty,Perfume,6,500,3000,2025-03-16,Lahore,Online Payment,44.0,Female
T0722,C0376,Clothing,Shoes,3,1000,3000,2025-10-23,Islamabad,Cash,59.0,Female
T0723,C0244,Electronics,Laptop,3,5000,15000,2025-07-24,Islamabad,Online Payment,65.0,Male
T0724,C0272,Furniture,Bed,8,2500,20000,2025-03-16,Multan,Cash,36.0,Female
T0725,C0327,Furniture,Sofa,1,500,500,2025-09-30,Islamabad,Online Payment,57.0,Female
T0726,C0131,Grocery,Snacks,5,50000,250000,2025-02-20,Faisalabad,Jazzcash,43.0,Female
T0727,C0347,Sports,Cricket Bat,4,10000,40000,2025-06-22,Faisalabad,Credit Card,41.0,Male
T0728,C0051,Sports,Football,2,500,1000,2025-07-30,Peshawar,Cash,61.0,Female
T0729,C0018,Grocery,Oil,5,2500,12500,2025-04-09,Karachi,Jazzcash,23.0,Male
T0730,C0045,Beauty,Skin Care,2,25000,50000,2025-03-03,Peshawar,Credit Card,42.0,Male
T0731,C0339,Electronics,Mobile Phone,5,2500,12500,2025-08-28,Karachi,Easypaisa,47.0,Female
T0732,C0142,Furniture,Sofa,5,1000,5000,2025-02-07,Karachi,Online Payment,42.0,Female
T0733,C0036,Electronics,Headphones,5,1000,5000,2025-08-14,Multan,Credit Card,57.0,Female
T0734,C0394,Clothing,Shoes,2,1000,2000,2025-10-04,Multan,Credit Card,57.0,Male
T0735,C0037,Furniture,Sofa,2,500,1000,2025-02-07,Peshawar,Easypaisa,34.0,Female
T0736,C0001,Electronics,Smart Watch,3,25000,75000,2025-11-24,Karachi,Easypaisa,42.0,Female
T0737,C0264,Clothing,Jacket,7,10000,70000,2025-01-02,Faisalabad,Online Payment,48.0,Female
T0738,C0489,Furniture,Chair,4,500,2000,2025-07-16,Faisalabad,Online Payment,25.0,Female
T0739,C0491,Grocery,Snacks,7,500,3500,2025-11-20,Faisalabad,Cash,41.0,Female
T0740,C0091,Electronics,Smart Watch,5,25000,125000,2025-04-14,Peshawar,Cash,42.0,Male
T0741,C0184,Grocery,Coffee,2,25000,50000,2025-12-19,Multan,Unknown,58.0,Female
T0742,C0013,Sports,Cricket Bat,3,500,1500,2025-04-09,Faisalabad,Jazzcash,33.0,Female
T0743,C0495,Furniture,Chair,5,5000,25000,2025-10-01,Multan,Cash,20.0,Female
T0744,C0109,Electronics,Headphones,1,5000,5000,2025-03-02,Faisalabad,Easypaisa,51.0,Female
T0745,C0377,Sports,Cricket Bat,4,500,2000,2025-01-19,Lahore,Online Payment,59.0,Male
T0746,C0067,Furniture,Chair,4,25000,100000,2025-11-29,Karachi,Credit Card,58.0,Male
T0747,C0428,Grocery,Rice,8,10000,80000,2025-03-29,Peshawar,Cash,24.0,Male
T0748,C0219,Furniture,Table,2,50000,100000,2025-04-14,Islamabad,Easypaisa,61.0,Female
T0749,C0392,Grocery,Rice,3,2500,7500,2025-04-20,Karachi,Jazzcash,29.0,Female
T0750,C0087,Electronics,Laptop,5,1000,5000,2025-08-01,Faisalabad,Debit Card,53.0,Male
T0751,C0406,Furniture,Table,1,1000,1000,2025-02-21,Faisalabad,Jazzcash,42.0,Male
T0752,C0092,Electronics,Smart Watch,2,500,1000,2025-01-04,Karachi,Easypaisa,59.0,Female
T0753,C0328,Furniture,Bed,3,1000,3000,2025-03-15,Islamabad,Jazzcash,46.0,Female
T0754,C0368,Clothing,Jeans,1,10000,10000,2025-04-03,Multan,Jazzcash,23.0,Female
T0755,C0099,Grocery,Coffee,1,10000,10000,2025-05-01,Karachi,Jazzcash,24.0,Female
T0756,C0338,Beauty,Skin Care,8,50000,400000,2025-11-17,Lahore,Debit Card,21.0,Male
T0757,C0082,Electronics,Mobile Phone,8,5000,40000,2025-04-01,Faisalabad,Cash,21.0,Female
T0758,C0316,Grocery,Oil,7,2500,17500,2025-06-21,Multan,Cash,24.0,Male
T0759,C0249,Beauty,Skin Care,3,50000,150000,2025-01-15,Peshawar,Cash,22.0,Male
T0760,C0383,Sports,Dumbbell,6,5000,30000,2025-04-12,Faisalabad,Debit Card,32.0,Male
T0761,C0446,Grocery,Oil,2,1000,2000,2025-07-31,Lahore,Online Payment,32.0,Male
T0762,C0111,Furniture,Bed,1,5000,5000,2025-03-16,Peshawar,Online Payment,29.0,Female
T0763,C0324,Grocery,Oil,8,25000,200000,2025-04-10,Islamabad,Debit Card,30.0,Female
T0764,C0057,Clothing,Shirt,1,2500,2500,2025-03-11,Multan,Online Payment,44.0,Male
T0765,C0405,Grocery,Oil,5,10000,50000,2025-03-22,Faisalabad,Jazzcash,28.0,Male
T0766,C0303,Electronics,Smart Watch,8,50000,400000,2025-04-21,Unknown,Online Payment,35.0,Male
T0767,C0223,Sports,Dumbbell,4,1000,4000,2025-06-17,Peshawar,Credit Card,55.0,Male
T0768,C0241,Beauty,Perfume,7,500,3500,2025-01-21,Faisalabad,Jazzcash,20.0,Female
T0769,C0421,Beauty,Shampoo,8,50000,400000,2025-12-23,Karachi,Online Payment,49.0,Male
T0770,C0184,Electronics,Laptop,7,1000,7000,2025-03-09,Islamabad,Credit Card,59.0,Male
T0771,C0236,Electronics,Smart Watch,5,1000,5000,2025-12-27,Peshawar,Unknown,55.0,Male
T0772,C0208,Furniture,Bed,3,50000,150000,2025-12-27,Lahore,Debit Card,58.0,Female
T0773,C0171,Sports,Football,2,5000,10000,2025-12-20,Peshawar,Cash,36.0,Female
T0774,C0377,Grocery,Oil,2,10000,20000,2025-06-21,Karachi,Jazzcash,61.0,Female
T0775,C0317,Electronics,Laptop,7,2500,17500,2025-08-27,Karachi,Debit Card,41.0,Male
T0776,C0123,Sports,Football,4,1000,4000,2025-06-21,Peshawar,Cash,59.0,Female
T0777,C0460,Sports,Cricket Bat,4,2500,10000,2025-06-30,Islamabad,Jazzcash,61.0,Female
T0778,C0232,Grocery,Rice,2,2500,5000,2025-06-26,Multan,Jazzcash,51.0,Male
T0779,C0410,Furniture,Sofa,8,10000,80000,2025-07-08,Faisalabad,Easypaisa,22.0,Male
T0780,C0148,Furniture,Chair,2,5000,10000,2025-04-02,Karachi,Cash,28.0,Female
T0781,C0267,Electronics,Mobile Phone,8,1000,8000,2025-04-15,Faisalabad,Cash,36.0,Female
T0782,C0228,Sports,Cricket Bat,8,2500,20000,2025-08-04,Faisalabad,Easypaisa,41.0,Female
T0783,C0428,Clothing,Shirt,1,50000,50000,2025-04-29,Peshawar,Easypaisa,39.0,Female
T0784,C0341,Beauty,Makeup,6,5000,30000,2025-10-31,Faisalabad,Jazzcash,53.0,Female
T0785,C0088,Furniture,Sofa,3,50000,150000,2025-06-06,Islamabad,Credit Card,48.0,Female
T0786,C0234,Grocery,Rice,3,2500,7500,2025-05-26,Lahore,Jazzcash,28.0,Female
T0787,C0060,Clothing,Jeans,3,1000,3000,2025-05-02,Karachi,Debit Card,54.0,Male
T0788,C0288,Furniture,Sofa,6,1000,6000,2025-04-16,Faisalabad,Cash,60.0,Female
T0789,C0500,Grocery,Oil,6,5000,30000,2025-10-04,Lahore,Jazzcash,37.0,Male
T0790,C0486,Electronics,Smart Watch,8,50000,400000,2025-03-16,Multan,Debit Card,27.0,Male
T0791,C0497,Sports,Yoga Mat,5,5000,25000,2025-05-29,Peshawar,Easypaisa,27.0,Female
T0792,C0348,Grocery,Rice,8,500,4000,2025-03-13,Peshawar,Cash,37.0,Male
T0793,C0168,Furniture,Table,8,2500,20000,2025-02-17,Karachi,Jazzcash,59.0,Male
T0794,C0043,Beauty,Skin Care,5,1000,5000,2025-01-12,Peshawar,Online Payment,61.0,Male
T0795,C0309,Beauty,Shampoo,4,5000,20000,2025-06-12,Peshawar,Jazzcash,41.0,Female
T0796,C0191,Furniture,Table,7,2500,17500,2025-07-17,Karachi,Debit Card,40.0,Female
T0797,C0380,Grocery,Coffee,2,1000,2000,2025-08-16,Multan,Online Payment,36.0,Male
T0798,C0307,Sports,Dumbbell,7,1000,7000,2025-10-28,Karachi,Credit Card,31.0,Female
T0799,C0046,Furniture,Sofa,2,10000,20000,2025-07-12,Karachi,Online Payment,58.0,Female
T0800,C0387,Furniture,Table,8,25000,200000,2025-10-18,Lahore,Credit Card,41.0,Female
T0801,C0428,Grocery,Coffee,1,50000,50000,2025-06-04,Peshawar,Debit Card,49.0,Female
T0802,C0154,Clothing,Shirt,1,1000,1000,2025-05-15,Faisalabad,Easypaisa,48.0,Male
T0803,C0465,Sports,Yoga Mat,7,1000,7000,2025-09-09,Faisalabad,Easypaisa,33.0,Male
T0804,C0382,Electronics,Headphones,8,500,4000,2025-11-03,Islamabad,Jazzcash,48.0,Female
T0805,C0376,Grocery,Coffee,2,2500,5000,2025-09-20,Peshawar,Cash,34.0,Male
T0806,C0450,Beauty,Perfume,3,2500,7500,2025-08-25,Faisalabad,Credit Card,40.0,Male
T0807,C0467,Electronics,Headphones,6,5000,30000,2025-11-22,Islamabad,Cash,36.0,Female
T0808,C0094,Beauty,Perfume,4,50000,200000,2025-11-18,Karachi,Jazzcash,28.0,Female
T0809,C0353,Grocery,Snacks,5,25000,125000,2025-12-24,Islamabad,Cash,52.0,Female
T0810,C0191,Clothing,Shirt,3,10000,30000,2025-05-25,Multan,Online Payment,39.0,Male
T0811,C0426,Electronics,Mobile Phone,3,10000,30000,2025-04-24,Lahore,Jazzcash,57.0,Male
T0812,C0473,Furniture,Bed,2,500,1000,2025-03-09,Karachi,Online Payment,40.0,Female
T0813,C0456,Sports,Yoga Mat,3,50000,150000,2025-08-15,Peshawar,Jazzcash,39.0,Male
T0814,C0114,Sports,Yoga Mat,1,25000,25000,2025-03-02,Lahore,Easypaisa,27.0,Male
T0815,C0218,Grocery,Oil,4,1000,4000,2025-02-10,Faisalabad,Cash,22.0,Male
T0816,C0017,Furniture,Bed,1,1000,1000,2025-02-25,Faisalabad,Jazzcash,55.0,Male
T0817,C0155,Furniture,Chair,5,500,2500,2025-02-03,Faisalabad,Cash,24.0,Male
T0818,C0180,Beauty,Skin Care,4,1000,4000,2025-12-10,Karachi,Cash,27.0,Female
T0819,C0400,Beauty,Makeup,6,1000,6000,2025-09-14,Faisalabad,Jazzcash,33.0,Male
T0820,C0494,Electronics,Laptop,4,25000,100000,2025-04-09,Islamabad,Credit Card,52.0,Male
T0821,C0244,Sports,Football,4,10000,40000,2025-12-29,Unknown,Easypaisa,55.0,Male
T0822,C0195,Furniture,Chair,3,50000,150000,2025-07-01,Multan,Credit Card,50.0,Male
T0823,C0057,Furniture,Chair,6,500,3000,2025-08-27,Peshawar,Credit Card,49.0,Female
T0824,C0253,Sports,Yoga Mat,1,500,500,2025-06-17,Karachi,Online Payment,36.0,Female
T0825,C0209,Beauty,Makeup,8,1000,8000,2025-10-11,Islamabad,Online Payment,30.0,Male
T0826,C0252,Furniture,Sofa,3,500,1500,2025-12-12,Faisalabad,Cash,43.0,Female
T0827,C0206,Beauty,Perfume,2,1000,2000,2025-07-22,Faisalabad,Jazzcash,24.0,Male
T0828,C0305,Electronics,Headphones,4,2500,10000,2025-04-13,Multan,Cash,32.0,Female
T0829,C0304,Sports,Dumbbell,5,50000,250000,2025-10-25,Islamabad,Easypaisa,41.0,Female
T0830,C0076,Furniture,Bed,8,10000,80000,2025-05-23,Multan,Cash,25.0,Female
T0831,C0016,Furniture,Bed,4,25000,100000,2025-03-10,Karachi,Easypaisa,21.0,Male
T0832,C0348,Furniture,Chair,3,5000,15000,2025-11-06,Islamabad,Credit Card,37.0,Male
T0833,C0339,Electronics,Smart Watch,8,1000,8000,2025-05-31,Multan,Online Payment,50.0,Female
T0834,C0221,Beauty,Makeup,1,50000,50000,2025-01-17,Karachi,Online Payment,46.0,Female
T0835,C0091,Furniture,Bed,8,500,4000,2025-01-17,Peshawar,Easypaisa,37.0,Male
T0836,C0250,Furniture,Bed,3,2500,7500,2025-07-19,Karachi,Jazzcash,61.0,Female
T0837,C0260,Sports,Dumbbell,8,10000,80000,2025-03-22,Karachi,Online Payment,34.0,Female
T0838,C0165,Beauty,Shampoo,6,50000,300000,2025-05-26,Karachi,Cash,55.0,Male
T0839,C0014,Clothing,Jacket,6,50000,300000,2025-10-26,Unknown,Debit Card,42.0,Male
T0840,C0029,Furniture,Sofa,6,5000,30000,2025-06-29,Faisalabad,Credit Card,33.0,Male
T0841,C0445,Sports,Yoga Mat,2,25000,50000,2025-02-03,Islamabad,Cash,39.0,Male
T0842,C0443,Electronics,Headphones,1,5000,5000,2025-12-03,Multan,Jazzcash,50.0,Female
T0843,C0163,Grocery,Rice,8,10000,80000,2025-01-12,Multan,Jazzcash,42.0,Female
T0844,C0346,Beauty,Perfume,8,500,4000,2025-12-20,Lahore,Debit Card,49.0,Female
T0845,C0255,Clothing,Jacket,6,5000,30000,2025-04-14,Faisalabad,Cash,52.0,Male
T0846,C0206,Grocery,Snacks,1,2500,2500,2025-10-21,Lahore,Jazzcash,65.0,Male
T0847,C0291,Sports,Football,6,2500,15000,2025-02-04,Peshawar,Online Payment,45.0,Male
T0848,C0222,Grocery,Rice,5,10000,50000,2025-06-03,Faisalabad,Jazzcash,38.0,Male
T0849,C0233,Furniture,Bed,5,10000,50000,2025-09-21,Faisalabad,Jazzcash,29.0,Male
T0850,C0493,Sports,Cricket Bat,8,1000,8000,2025-12-05,Unknown,Online Payment,35.0,Female
T0851,C0076,Beauty,Perfume,4,2500,10000,2025-08-25,Lahore,Credit Card,65.0,Female
T0852,C0325,Furniture,Bed,6,50000,300000,2025-02-02,Lahore,Unknown,41.0,Female
T0853,C0121,Sports,Cricket Bat,5,25000,125000,2025-11-04,Multan,Credit Card,25.0,Male
T0854,C0238,Clothing,Shirt,4,50000,200000,2025-06-08,Multan,Jazzcash,45.0,Female
T0855,C0070,Sports,Football,4,1000,4000,2025-05-20,Karachi,Debit Card,35.0,Male
T0856,C0029,Sports,Football,8,50000,400000,2025-01-11,Unknown,Debit Card,56.0,Female
T0857,C0454,Electronics,Smart Watch,6,25000,150000,2025-12-03,Karachi,Online Payment,64.0,Male
T0858,C0425,Clothing,Shirt,2,10000,20000,2025-12-07,Peshawar,Jazzcash,34.0,Female
T0859,C0169,Electronics,Mobile Phone,2,50000,100000,2025-06-10,Peshawar,Easypaisa,42.0,Male
T0860,C0110,Furniture,Table,3,500,1500,2025-03-31,Islamabad,Online Payment,44.0,Female
T0861,C0359,Beauty,Perfume,8,10000,80000,2025-07-11,Karachi,Debit Card,52.0,Female
T0862,C0186,Furniture,Table,5,50000,250000,2025-03-16,Multan,Easypaisa,41.0,Female
T0863,C0123,Electronics,Laptop,1,25000,25000,2025-12-10,Islamabad,Jazzcash,42.0,Female
T0864,C0440,Sports,Yoga Mat,2,10000,20000,2025-05-02,Multan,Online Payment,18.0,Female
T0865,C0153,Grocery,Snacks,2,50000,100000,2025-05-01,Lahore,Credit Card,46.0,Female
T0866,C0422,Sports,Dumbbell,1,2500,2500,2025-02-11,Unknown,Online Payment,65.0,Female
T0867,C0358,Grocery,Coffee,2,50000,100000,2025-03-24,Islamabad,Jazzcash,22.0,Female
T0868,C0391,Furniture,Sofa,8,25000,200000,2025-01-15,Karachi,Easypaisa,59.0,Male
T0869,C0103,Sports,Dumbbell,3,500,1500,2025-07-25,Faisalabad,Debit Card,38.0,Male
T0870,C0391,Electronics,Mobile Phone,4,10000,40000,2025-11-29,Lahore,Jazzcash,61.0,Female
T0871,C0134,Grocery,Coffee,8,50000,400000,2025-03-10,Lahore,Easypaisa,55.0,Female
T0872,C0094,Grocery,Oil,2,5000,10000,2025-07-08,Multan,Online Payment,54.0,Male
T0873,C0102,Electronics,Laptop,4,500,2000,2025-08-25,Islamabad,Easypaisa,28.0,Male
T0874,C0491,Furniture,Bed,5,1000,5000,2025-02-15,Islamabad,Credit Card,54.0,Male
T0875,C0254,Electronics,Smart Watch,8,50000,400000,2025-12-11,Karachi,Credit Card,63.0,Male
T0876,C0196,Clothing,Jacket,5,25000,125000,2025-09-11,Lahore,Online Payment,31.0,Male
T0877,C0406,Grocery,Oil,7,1000,7000,2025-07-29,Lahore,Cash,36.0,Female
T0878,C0351,Clothing,Shoes,4,2500,10000,2025-10-26,Faisalabad,Online Payment,23.0,Male
T0879,C0352,Furniture,Table,6,25000,150000,2025-07-23,Lahore,Easypaisa,42.0,Female
T0880,C0031,Sports,Yoga Mat,2,500,1000,2025-10-13,Karachi,Debit Card,33.0,Female
T0881,C0318,Grocery,Rice,1,2500,2500,2025-09-16,Multan,Debit Card,43.0,Female
T0882,C0258,Clothing,Shirt,3,2500,7500,2025-03-28,Multan,Debit Card,47.0,Male
T0883,C0060,Electronics,Headphones,7,1000,7000,2025-05-14,Islamabad,Cash,26.0,Female
T0884,C0314,Grocery,Snacks,7,2500,17500,2025-05-15,Islamabad,Jazzcash,38.0,Female
T0885,C0285,Clothing,Jacket,8,50000,400000,2025-03-19,Faisalabad,Easypaisa,46.0,Male
T0886,C0019,Clothing,Jeans,1,1000,1000,2025-04-04,Multan,Debit Card,28.0,Female
T0887,C0183,Furniture,Chair,8,500,4000,2025-08-15,Faisalabad,Jazzcash,49.0,Female
T0888,C0048,Furniture,Chair,3,500,1500,2025-06-28,Lahore,Debit Card,29.0,Male
T0889,C0270,Sports,Yoga Mat,4,10000,40000,2025-01-03,Peshawar,Credit Card,44.0,Male
T0890,C0146,Clothing,Shoes,2,2500,5000,2025-01-14,Faisalabad,Easypaisa,25.0,Female
T0891,C0042,Grocery,Rice,6,1000,6000,2025-01-15,Multan,Easypaisa,60.0,Female
T0892,C0336,Furniture,Sofa,1,2500,2500,2025-01-23,Peshawar,Unknown,38.0,Male
T0893,C0381,Clothing,Shirt,5,2500,12500,2025-01-29,Karachi,Jazzcash,56.0,Female
T0894,C0495,Electronics,Smart Watch,5,1000,5000,2025-05-03,Multan,Cash,19.0,Male
T0895,C0386,Clothing,Shoes,7,2500,17500,2025-11-28,Faisalabad,Credit Card,25.0,Female
T0896,C0068,Furniture,Bed,5,25000,125000,2025-11-05,Islamabad,Easypaisa,24.0,Female
T0897,C0244,Beauty,Skin Care,8,5000,40000,2025-07-18,Islamabad,Jazzcash,56.0,Female
T0898,C0223,Electronics,Smart Watch,6,10000,60000,2025-04-06,Faisalabad,Online Payment,23.0,Male
T0899,C0332,Beauty,Makeup,8,25000,200000,2025-04-25,Faisalabad,Easypaisa,27.0,Female
T0900,C0041,Beauty,Perfume,5,5000,25000,2025-08-12,Multan,Debit Card,27.0,Male
T0901,C0152,Sports,Yoga Mat,4,10000,40000,2025-08-07,Peshawar,Cash,53.0,Male
T0902,C0238,Electronics,Laptop,7,5000,35000,2025-02-18,Faisalabad,Easypaisa,54.0,Female
T0903,C0009,Grocery,Snacks,2,50000,100000,2025-09-15,Karachi,Easypaisa,60.0,Female
T0904,C0214,Clothing,Jeans,7,500,3500,2025-02-12,Faisalabad,Debit Card,38.0,Female
T0905,C0109,Sports,Dumbbell,5,2500,12500,2025-04-06,Lahore,Cash,65.0,Female
T0906,C0003,Sports,Football,7,10000,70000,2025-01-10,Multan,Cash,18.0,Male
T0907,C0445,Sports,Dumbbell,8,25000,200000,2025-07-27,Faisalabad,Easypaisa,56.0,Female
T0908,C0045,Grocery,Snacks,7,50000,350000,2025-06-04,Lahore,Credit Card,18.0,Male
T0909,C0108,Electronics,Laptop,4,50000,200000,2025-01-14,Multan,Easypaisa,27.0,Male
T0910,C0076,Furniture,Table,2,2500,5000,2025-08-26,Multan,Online Payment,19.0,Male
T0911,C0011,Clothing,Jeans,8,5000,40000,2025-08-30,Multan,Jazzcash,33.0,Male
T0912,C0053,Grocery,Coffee,1,2500,2500,2025-01-05,Faisalabad,Easypaisa,45.0,Female
T0913,C0249,Furniture,Sofa,1,5000,5000,2025-07-24,Peshawar,Jazzcash,64.0,Female
T0914,C0162,Clothing,Shirt,1,5000,5000,2025-10-23,Peshawar,Cash,35.0,Female
T0915,C0178,Furniture,Chair,8,10000,80000,2025-11-27,Multan,Easypaisa,45.0,Male
T0916,C0225,Clothing,Jacket,4,5000,20000,2025-06-26,Lahore,Jazzcash,32.0,Female
T0917,C0200,Beauty,Shampoo,3,2500,7500,2025-12-31,Multan,Easypaisa,59.0,Female
T0918,C0384,Furniture,Table,4,2500,10000,2025-12-20,Karachi,Easypaisa,48.0,Male
T0919,C0052,Clothing,Jeans,3,10000,30000,2025-09-09,Multan,Online Payment,37.0,Male
T0920,C0183,Clothing,Shirt,1,2500,2500,2025-05-14,Faisalabad,Credit Card,29.0,Male
T0921,C0117,Electronics,Headphones,7,500,3500,2025-11-13,Karachi,Jazzcash,32.0,Female
T0922,C0395,Grocery,Snacks,6,50000,300000,2025-01-24,Peshawar,Debit Card,27.0,Male
T0923,C0493,Sports,Football,8,50000,400000,2025-08-23,Karachi,Cash,57.0,Male
T0924,C0061,Beauty,Perfume,2,1000,2000,2025-11-19,Lahore,Debit Card,28.0,Female
T0925,C0079,Sports,Dumbbell,8,25000,200000,2025-02-20,Faisalabad,Debit Card,39.0,Male
T0926,C0126,Electronics,Mobile Phone,8,5000,40000,2025-01-04,Multan,Debit Card,41.0,Male
T0927,C0185,Electronics,Headphones,6,25000,150000,2025-08-01,Faisalabad,Easypaisa,33.0,Male
T0928,C0212,Beauty,Shampoo,4,1000,4000,2025-08-08,Multan,Online Payment,51.0,Female
T0929,C0368,Electronics,Smart Watch,3,50000,150000,2025-01-06,Peshawar,Cash,23.0,Female
T0930,C0202,Grocery,Coffee,3,5000,15000,2025-02-01,Karachi,Easypaisa,59.0,Male
T0931,C0454,Beauty,Perfume,5,5000,25000,2025-07-25,Faisalabad,Easypaisa,53.0,Female
T0932,C0461,Sports,Yoga Mat,6,500,3000,2025-05-24,Peshawar,Jazzcash,27.0,Female
T0933,C0455,Furniture,Table,8,25000,200000,2025-06-26,Faisalabad,Online Payment,30.0,Female
T0934,C0267,Electronics,Laptop,6,5000,30000,2025-03-06,Peshawar,Debit Card,31.0,Male
T0935,C0082,Beauty,Makeup,6,50000,300000,2025-11-22,Karachi,Cash,52.0,Female
T0936,C0375,Clothing,Jacket,7,10000,70000,2025-02-26,Karachi,Debit Card,34.0,Female
T0937,C0294,Electronics,Laptop,2,5000,10000,2025-06-02,Faisalabad,Cash,47.0,Female
T0938,C0342,Clothing,Jeans,6,2500,15000,2025-05-26,Faisalabad,Jazzcash,61.0,Male
T0939,C0265,Sports,Dumbbell,4,500,2000,2025-06-17,Peshawar,Credit Card,41.0,Female
T0940,C0042,Electronics,Mobile Phone,7,50000,350000,2025-07-30,Karachi,Cash,45.0,Male
T0941,C0347,Furniture,Table,8,500,4000,2025-07-09,Peshawar,Online Payment,55.0,Female
T0942,C0477,Grocery,Coffee,7,5000,35000,2025-12-19,Multan,Easypaisa,44.0,Male
T0943,C0067,Clothing,Jeans,8,25000,200000,2025-08-23,Faisalabad,Jazzcash,51.0,Male
T0944,C0383,Sports,Cricket Bat,8,5000,40000,2025-01-17,Lahore,Jazzcash,41.0,Male
T0945,C0293,Beauty,Shampoo,2,500,1000,2025-07-09,Islamabad,Cash,51.0,Male
T0946,C0151,Electronics,Headphones,5,2500,12500,2025-06-05,Multan,Cash,27.0,Male
T0947,C0111,Beauty,Shampoo,1,2500,2500,2025-05-26,Lahore,Easypaisa,49.0,Male
T0948,C0214,Electronics,Headphones,2,50000,100000,2025-01-23,Multan,Jazzcash,37.0,Female
T0949,C0068,Grocery,Coffee,8,50000,400000,2025-11-07,Lahore,Jazzcash,58.0,Female
T0950,C0046,Furniture,Bed,3,50000,150000,2025-06-16,Peshawar,Easypaisa,57.0,Female
T0951,C0024,Furniture,Table,7,2500,17500,2025-10-04,Faisalabad,Online Payment,65.0,Female
T0952,C0293,Sports,Football,3,25000,75000,2025-01-13,Faisalabad,Easypaisa,37.0,Male
T0953,C0296,Sports,Football,4,10000,40000,2025-10-05,Karachi,Jazzcash,51.0,Male
T0954,C0093,Furniture,Chair,2,25000,50000,2025-09-30,Karachi,Debit Card,31.0,Male
T0955,C0311,Sports,Dumbbell,2,50000,100000,2025-10-01,Islamabad,Online Payment,55.0,Male
T0956,C0213,Furniture,Chair,6,5000,30000,2025-04-03,Karachi,Jazzcash,38.0,Female
T0957,C0087,Grocery,Rice,2,500,1000,2025-10-05,Islamabad,Credit Card,29.0,Female
T0958,C0087,Electronics,Mobile Phone,5,5000,25000,2025-12-14,Karachi,Jazzcash,38.0,Male
T0959,C0164,Electronics,Laptop,5,5000,25000,2025-02-20,Lahore,Online Payment,38.0,Female
T0960,C0386,Furniture,Chair,1,1000,1000,2025-05-03,Peshawar,Jazzcash,33.0,Female
T0961,C0163,Beauty,Shampoo,2,2500,5000,2025-02-01,Multan,Jazzcash,44.0,Male
T0962,C0468,Furniture,Chair,7,25000,175000,2025-04-30,Karachi,Debit Card,53.0,Male
T0963,C0229,Clothing,Jeans,5,10000,50000,2025-07-28,Karachi,Easypaisa,50.0,Male
T0964,C0276,Clothing,Jacket,3,50000,150000,2025-05-06,Multan,Jazzcash,46.0,Male
T0965,C0001,Electronics,Smart Watch,5,25000,125000,2025-03-27,Karachi,Online Payment,35.0,Female
T0966,C0109,Sports,Dumbbell,6,50000,300000,2025-11-20,Peshawar,Jazzcash,36.0,Male
T0967,C0358,Clothing,Shirt,5,500,2500,2025-07-22,Karachi,Credit Card,64.0,Female
T0968,C0326,Furniture,Table,6,25000,150000,2025-06-25,Islamabad,Easypaisa,46.0,Female
T0969,C0492,Clothing,Jacket,6,1000,6000,2025-08-24,Peshawar,Debit Card,19.0,Male
T0970,C0345,Sports,Football,8,500,4000,2025-01-05,Lahore,Online Payment,53.0,Female
T0971,C0457,Furniture,Chair,2,10000,20000,2025-01-16,Faisalabad,Online Payment,61.0,Male
T0972,C0430,Grocery,Coffee,6,5000,30000,2025-04-01,Faisalabad,Cash,25.0,Female
T0973,C0381,Grocery,Oil,8,500,4000,2025-04-24,Karachi,Debit Card,61.0,Female
T0974,C0120,Clothing,Shirt,5,50000,250000,2025-04-24,Multan,Debit Card,20.0,Female
T0975,C0203,Furniture,Table,1,1000,1000,2025-11-23,Unknown,Debit Card,54.0,Female
T0976,C0066,Clothing,Jeans,3,500,1500,2025-10-29,Faisalabad,Cash,26.0,Female
T0977,C0012,Beauty,Skin Care,5,1000,5000,2025-12-14,Faisalabad,Easypaisa,52.0,Female
T0978,C0345,Sports,Dumbbell,1,5000,5000,2025-11-25,Faisalabad,Cash,38.0,Female
T0979,C0239,Furniture,Sofa,2,25000,50000,2025-09-23,Multan,Debit Card,51.0,Male
T0980,C0273,Sports,Cricket Bat,1,2500,2500,2025-08-04,Multan,Debit Card,18.0,Female
T0981,C0378,Clothing,Jacket,2,10000,20000,2025-01-13,Lahore,Easypaisa,45.0,Male
T0982,C0033,Clothing,Jeans,3,2500,7500,2025-06-09,Faisalabad,Easypaisa,24.0,Male
T0983,C0479,Furniture,Bed,1,10000,10000,2025-11-17,Islamabad,Debit Card,33.0,Male
T0984,C0421,Furniture,Table,6,50000,300000,2025-01-28,Islamabad,Jazzcash,33.0,Male
T0985,C0297,Beauty,Shampoo,2,25000,50000,2025-08-17,Karachi,Cash,21.0,Male
T0986,C0032,Furniture,Sofa,2,50000,100000,2025-03-07,Multan,Cash,37.0,Female
T0987,C0151,Electronics,Laptop,1,10000,10000,2025-01-27,Multan,Online Payment,24.0,Female
T0988,C0408,Clothing,Shirt,8,5000,40000,2025-08-26,Multan,Jazzcash,57.0,Male
T0989,C0301,Grocery,Rice,8,10000,80000,2025-06-18,Lahore,Cash,24.0,Male
T0990,C0327,Beauty,Perfume,4,10000,40000,2025-03-06,Peshawar,Debit Card,40.0,Female
T0991,C0409,Furniture,Bed,3,1000,3000,2025-03-12,Karachi,Cash,26.0,Female
T0992,C0454,Beauty,Shampoo,6,2500,15000,2025-10-26,Peshawar,Credit Card,27.0,Female
T0993,C0266,Grocery,Snacks,5,2500,12500,2025-01-05,Peshawar,Easypaisa,61.0,Male
T0994,C0101,Electronics,Mobile Phone,1,5000,5000,2025-06-26,Lahore,Easypaisa,41.0,Male
T0995,C0240,Grocery,Oil,8,25000,200000,2025-12-21,Peshawar,Easypaisa,39.0,Female
T0996,C0054,Beauty,Makeup,7,2500,17500,2025-03-25,Multan,Cash,49.0,Male
T0997,C0110,Electronics,Mobile Phone,4,5000,20000,2025-11-16,Lahore,Online Payment,65.0,Female
T0998,C0423,Sports,Dumbbell,4,5000,20000,2025-04-05,Karachi,Debit Card,18.0,Male
T0999,C0226,Grocery,Rice,2,1000,2000,2025-05-29,Lahore,Unknown,55.0,Female
T1000,C0090,Electronics,Laptop,4,1000,4000,2025-05-26,Lahore,Debit Card,64.0,Male
T1001,C0091,Grocery,Oil,3,1000,3000,2025-01-12,Islamabad,Cash,19.0,Male
T1002,C0234,Furniture,Chair,6,1000,6000,2025-06-06,Lahore,Debit Card,41.0,Male
T1003,C0452,Beauty,Shampoo,2,500,1000,2025-03-15,Lahore,Credit Card,30.0,Female
T1004,C0326,Sports,Yoga Mat,6,10000,60000,2025-08-08,Lahore,Cash,57.0,Male
T1005,C0028,Beauty,Makeup,3,2500,7500,2025-05-07,Faisalabad,Debit Card,26.0,Female
T1006,C0315,Clothing,Shirt,8,50000,400000,2025-12-06,Karachi,Credit Card,50.0,Female
T1007,C0092,Sports,Yoga Mat,8,10000,80000,2025-08-26,Islamabad,Easypaisa,41.0,Female
T1008,C0206,Sports,Dumbbell,8,2500,20000,2025-10-25,Faisalabad,Jazzcash,59.0,Male
T1009,C0203,Clothing,Jeans,4,5000,20000,2025-05-01,Lahore,Debit Card,45.0,Female
T1010,C0044,Beauty,Skin Care,6,2500,15000,2025-10-09,Lahore,Cash,36.0,Female
T1011,C0239,Beauty,Makeup,4,10000,40000,2025-01-22,Peshawar,Jazzcash,39.0,Female
T1012,C0412,Furniture,Bed,7,5000,35000,2025-07-08,Multan,Debit Card,35.0,Female
T1013,C0331,Electronics,Mobile Phone,8,1000,8000,2025-05-16,Karachi,Debit Card,23.0,Female
T1014,C0061,Beauty,Perfume,5,1000,5000,2025-02-20,Karachi,Debit Card,20.0,Male
T1015,C0382,Grocery,Oil,6,2500,15000,2025-06-04,Faisalabad,Debit Card,30.0,Male
T1016,C0145,Sports,Yoga Mat,1,50000,50000,2025-06-03,Islamabad,Online Payment,43.0,Male
T1017,C0371,Furniture,Table,7,1000,7000,2025-04-27,Faisalabad,Credit Card,48.0,Male
T1018,C0161,Beauty,Shampoo,8,2500,20000,2025-02-13,Lahore,Online Payment,62.0,Female
T1019,C0016,Clothing,Shoes,8,50000,400000,2025-10-13,Islamabad,Credit Card,54.0,Male
T1020,C0428,Grocery,Rice,8,50000,400000,2025-12-04,Islamabad,Debit Card,32.0,Female
T1021,C0012,Furniture,Bed,5,2500,12500,2025-10-28,Peshawar,Cash,26.0,Male
T1022,C0033,Grocery,Coffee,7,1000,7000,2025-07-20,Peshawar,Online Payment,30.0,Female
T1023,C0048,Electronics,Headphones,8,25000,200000,2025-06-05,Lahore,Cash,61.0,Male
T1024,C0036,Electronics,Smart Watch,1,1000,1000,2025-04-12,Multan,Debit Card,31.0,Male
T1025,C0266,Grocery,Rice,8,500,4000,2025-07-08,Karachi,Credit Card,38.0,Female
T1026,C0215,Furniture,Table,2,1000,2000,2025-10-02,Multan,Easypaisa,22.0,Female
T1027,C0419,Clothing,Jeans,4,2500,10000,2025-08-10,Faisalabad,Easypaisa,48.0,Male
T1028,C0235,Beauty,Makeup,4,10000,40000,2025-12-17,Islamabad,Credit Card,18.0,Male
T1029,C0270,Furniture,Chair,7,10000,70000,2025-05-07,Islamabad,Jazzcash,49.0,Female
T1030,C0452,Furniture,Chair,2,2500,5000,2025-11-27,Multan,Debit Card,62.0,Female
T1031,C0461,Furniture,Table,7,1000,7000,2025-04-02,Peshawar,Easypaisa,45.0,Female
T1032,C0485,Furniture,Table,2,5000,10000,2025-12-24,Karachi,Credit Card,28.0,Female
T1033,C0466,Sports,Yoga Mat,2,25000,50000,2025-04-22,Multan,Online Payment,53.0,Male
T1034,C0210,Grocery,Rice,2,10000,20000,2025-06-16,Multan,Credit Card,34.0,Male
T1035,C0328,Beauty,Perfume,8,500,4000,2025-02-07,Faisalabad,Easypaisa,65.0,Female
T1036,C0204,Furniture,Sofa,7,50000,350000,2025-04-10,Karachi,Cash,34.0,Male
T1037,C0249,Sports,Cricket Bat,6,25000,150000,2025-08-26,Multan,Cash,23.0,Male
T1038,C0431,Sports,Dumbbell,3,5000,15000,2025-05-23,Lahore,Credit Card,19.0,Male
T1039,C0087,Clothing,Jacket,2,10000,20000,2025-07-20,Karachi,Unknown,18.0,Female
T1040,C0366,Clothing,Shoes,6,1000,6000,2025-04-21,Karachi,Easypaisa,52.0,Male
T1041,C0158,Furniture,Chair,2,5000,10000,2025-12-20,Multan,Cash,56.0,Male
T1042,C0466,Electronics,Smart Watch,4,1000,4000,2025-07-11,Lahore,Credit Card,23.0,Male
T1043,C0349,Furniture,Chair,1,2500,2500,2025-04-09,Faisalabad,Cash,32.0,Male
T1044,C0263,Sports,Cricket Bat,3,500,1500,2025-08-01,Karachi,Debit Card,38.0,Male
T1045,C0119,Beauty,Skin Care,7,5000,35000,2025-03-03,Lahore,Cash,40.0,Female
T1046,C0007,Clothing,Shirt,7,25000,175000,2025-06-11,Multan,Credit Card,47.0,Male
T1047,C0454,Electronics,Headphones,6,500,3000,2025-02-04,Lahore,Online Payment,37.0,Female
T1048,C0167,Electronics,Mobile Phone,5,500,2500,2025-11-04,Faisalabad,Easypaisa,42.0,Male
T1049,C0247,Grocery,Oil,6,50000,300000,2025-12-08,Karachi,Debit Card,19.0,Female
T1050,C0316,Furniture,Table,1,1000,1000,2025-01-11,Karachi,Debit Card,33.0,Female
T1051,C0256,Clothing,Shirt,1,1000,1000,2025-07-11,Islamabad,Credit Card,27.0,Female
T1052,C0485,Clothing,Shirt,4,25000,100000,2025-11-03,Multan,Easypaisa,39.0,Male
T1053,C0332,Grocery,Snacks,1,10000,10000,2025-08-01,Islamabad,Cash,41.0,Female
T1054,C0465,Grocery,Oil,4,10000,40000,2025-01-28,Faisalabad,Credit Card,61.0,Male
T1055,C0323,Beauty,Shampoo,6,1000,6000,2025-08-15,Karachi,Cash,49.0,Male
T1056,C0047,Clothing,Shirt,3,1000,3000,2025-03-06,Lahore,Jazzcash,53.0,Male
T1057,C0160,Clothing,Shirt,7,25000,175000,2025-08-28,Lahore,Easypaisa,30.0,Male
T1058,C0296,Furniture,Table,4,2500,10000,2025-05-27,Multan,Easypaisa,30.0,Female
T1059,C0086,Furniture,Chair,6,5000,30000,2025-07-13,Multan,Online Payment,45.0,Female
T1060,C0219,Clothing,Shoes,1,50000,50000,2025-07-15,Karachi,Debit Card,56.0,Male
T1061,C0157,Beauty,Skin Care,5,5000,25000,2025-08-26,Multan,Debit Card,42.0,Female
T1062,C0101,Electronics,Headphones,3,25000,75000,2025-08-29,Lahore,Credit Card,18.0,Male
T1063,C0482,Beauty,Makeup,8,5000,40000,2025-08-01,Multan,Easypaisa,41.0,Female
T1064,C0472,Furniture,Sofa,2,5000,10000,2025-01-20,Karachi,Online Payment,54.0,Male
T1065,C0261,Clothing,Shoes,5,50000,250000,2025-06-28,Faisalabad,Online Payment,58.0,Female
T1066,C0125,Sports,Football,7,5000,35000,2025-05-07,Multan,Cash,41.0,Male
T1067,C0484,Sports,Cricket Bat,5,10000,50000,2025-08-22,Faisalabad,Credit Card,34.0,Male
T1068,C0330,Beauty,Skin Care,1,500,500,2025-02-17,Faisalabad,Online Payment,43.0,Male
T1069,C0130,Beauty,Skin Care,7,1000,7000,2025-08-07,Faisalabad,Debit Card,50.0,Female
T1070,C0056,Beauty,Makeup,7,50000,350000,2025-02-15,Faisalabad,Jazzcash,40.0,Male
T1071,C0004,Grocery,Oil,7,25000,175000,2025-06-07,Lahore,Online Payment,18.0,Male
T1072,C0376,Electronics,Smart Watch,7,25000,175000,2025-05-28,Multan,Credit Card,29.0,Female
T1073,C0258,Clothing,Jeans,4,5000,20000,2025-04-04,Karachi,Online Payment,54.0,Male
T1074,C0415,Clothing,Jeans,1,25000,25000,2025-04-04,Lahore,Debit Card,44.0,Female
T1075,C0044,Sports,Football,3,500,1500,2025-05-31,Multan,Cash,35.0,Male
T1076,C0345,Grocery,Rice,4,5000,20000,2025-09-06,Karachi,Cash,21.0,Female
T1077,C0406,Electronics,Laptop,2,1000,2000,2025-09-25,Karachi,Online Payment,56.0,Female
T1078,C0173,Furniture,Bed,6,10000,60000,2025-08-08,Islamabad,Easypaisa,39.0,Female
T1079,C0030,Clothing,Jacket,7,5000,35000,2025-11-09,Islamabad,Debit Card,24.0,Male
T1080,C0063,Furniture,Bed,3,500,1500,2025-11-05,Peshawar,Debit Card,62.0,Male
T1081,C0339,Grocery,Coffee,8,10000,80000,2025-07-31,Lahore,Cash,58.0,Female
T1082,C0348,Electronics,Headphones,1,50000,50000,2025-06-16,Multan,Credit Card,56.0,Female
T1083,C0338,Furniture,Chair,6,5000,30000,2025-09-01,Faisalabad,Cash,64.0,Female
T1084,C0449,Grocery,Oil,3,50000,150000,2025-09-24,Peshawar,Easypaisa,50.0,Male
T1085,C0281,Clothing,Shoes,2,2500,5000,2025-12-11,Multan,Credit Card,46.0,Male
T1086,C0386,Furniture,Table,4,1000,4000,2025-03-29,Faisalabad,Easypaisa,23.0,Male
T1087,C0393,Furniture,Chair,3,2500,7500,2025-07-16,Islamabad,Credit Card,64.0,Female
T1088,C0473,Sports,Dumbbell,2,25000,50000,2025-03-11,Peshawar,Easypaisa,64.0,Female
T1089,C0034,Electronics,Headphones,4,10000,40000,2025-11-04,Faisalabad,Debit Card,42.0,Female
T1090,C0060,Sports,Dumbbell,4,1000,4000,2025-05-13,Islamabad,Cash,25.0,Male
T1091,C0066,Grocery,Oil,2,10000,20000,2025-07-08,Islamabad,Online Payment,54.0,Male
T1092,C0217,Grocery,Rice,4,50000,200000,2025-07-18,Islamabad,Debit Card,61.0,Male
T1093,C0276,Beauty,Skin Care,2,5000,10000,2025-01-05,Multan,Debit Card,27.0,Female
T1094,C0146,Clothing,Shoes,8,1000,8000,2025-11-04,Lahore,Easypaisa,60.0,Male
T1095,C0064,Beauty,Makeup,5,10000,50000,2025-12-19,Islamabad,Easypaisa,54.0,Female
T1096,C0495,Sports,Cricket Bat,8,2500,20000,2025-12-27,Multan,Cash,39.0,Male
T1097,C0473,Sports,Cricket Bat,4,25000,100000,2025-01-27,Lahore,Online Payment,64.0,Female
T1098,C0173,Grocery,Oil,1,10000,10000,2025-07-20,Multan,Easypaisa,48.0,Female
T1099,C0145,Furniture,Bed,2,10000,20000,2025-05-25,Faisalabad,Credit Card,41.0,Female
T1100,C0444,Electronics,Mobile Phone,6,50000,300000,2025-10-25,Karachi,Easypaisa,37.0,Female
T1101,C0248,Sports,Cricket Bat,3,5000,15000,2025-12-23,Islamabad,Credit Card,31.0,Male
T1102,C0053,Sports,Cricket Bat,1,2500,2500,2025-10-22,Faisalabad,Credit Card,42.0,Female
T1103,C0499,Sports,Cricket Bat,1,500,500,2025-07-02,Multan,Credit Card,21.0,Male
T1104,C0370,Beauty,Makeup,7,1000,7000,2025-11-18,Multan,Credit Card,20.0,Male
T1105,C0306,Clothing,Shoes,8,2500,20000,2025-12-19,Lahore,Easypaisa,65.0,Female
T1106,C0196,Sports,Football,8,50000,400000,2025-11-29,Islamabad,Easypaisa,59.0,Female
T1107,C0063,Grocery,Rice,2,500,1000,2025-02-12,Multan,Easypaisa,60.0,Male
T1108,C0407,Electronics,Smart Watch,5,25000,125000,2025-02-18,Peshawar,Credit Card,42.0,Female
T1109,C0051,Sports,Dumbbell,5,10000,50000,2025-03-06,Islamabad,Cash,63.0,Male
T1110,C0402,Furniture,Chair,7,10000,70000,2025-10-02,Peshawar,Online Payment,22.0,Male
T1111,C0356,Clothing,Shirt,3,50000,150000,2025-11-03,Lahore,Cash,53.0,Female
T1112,C0106,Grocery,Rice,1,1000,1000,2025-10-22,Faisalabad,Credit Card,23.0,Female
T1113,C0187,Electronics,Laptop,2,10000,20000,2025-06-02,Peshawar,Credit Card,45.0,Male
T1114,C0338,Clothing,Jacket,1,10000,10000,2025-05-31,Peshawar,Online Payment,26.0,Female
T1115,C0262,Sports,Yoga Mat,6,10000,60000,2025-10-03,Lahore,Easypaisa,24.0,Male
T1116,C0439,Clothing,Shirt,4,1000,4000,2025-06-03,Lahore,Credit Card,56.0,Male
T1117,C0217,Beauty,Makeup,5,1000,5000,2025-11-15,Karachi,Jazzcash,34.0,Female
T1118,C0484,Furniture,Table,7,5000,35000,2025-02-12,Islamabad,Easypaisa,41.0,Male
T1119,C0325,Beauty,Skin Care,2,25000,50000,2025-05-18,Faisalabad,Easypaisa,30.0,Female
T1120,C0162,Beauty,Skin Care,7,50000,350000,2025-03-20,Multan,Online Payment,19.0,Male
T1121,C0351,Electronics,Headphones,2,10000,20000,2025-02-26,Unknown,Online Payment,22.0,Female
T1122,C0075,Sports,Football,6,2500,15000,2025-05-20,Lahore,Debit Card,18.0,Male
T1123,C0090,Furniture,Table,7,500,3500,2025-03-05,Peshawar,Easypaisa,37.0,Female
T1124,C0312,Electronics,Headphones,5,10000,50000,2025-05-19,Karachi,Cash,28.0,Female
T1125,C0496,Furniture,Table,6,50000,300000,2025-12-14,Peshawar,Unknown,56.0,Female
T1126,C0263,Furniture,Table,5,500,2500,2025-12-18,Faisalabad,Credit Card,60.0,Male
T1127,C0499,Clothing,Shoes,5,500,2500,2025-11-24,Islamabad,Easypaisa,33.0,Female
T1128,C0409,Sports,Dumbbell,3,5000,15000,2025-07-01,Multan,Jazzcash,36.0,Female
T1129,C0486,Furniture,Table,5,25000,125000,2025-02-14,Islamabad,Online Payment,38.0,Male
T1130,C0484,Sports,Football,2,25000,50000,2025-05-03,Karachi,Credit Card,54.0,Male
T1131,C0493,Electronics,Headphones,8,50000,400000,2025-01-06,Multan,Easypaisa,50.0,Male
T1132,C0316,Furniture,Bed,2,5000,10000,2025-01-08,Lahore,Easypaisa,18.0,Female
T1133,C0487,Sports,Yoga Mat,4,25000,100000,2025-12-05,Peshawar,Easypaisa,56.0,Male
T1134,C0463,Beauty,Shampoo,3,25000,75000,2025-09-26,Lahore,Credit Card,22.0,Female
T1135,C0195,Clothing,Jacket,1,5000,5000,2025-09-11,Lahore,Debit Card,25.0,Female
T1136,C0248,Sports,Cricket Bat,2,2500,5000,2025-06-03,Islamabad,Debit Card,31.0,Male
T1137,C0264,Sports,Dumbbell,4,2500,10000,2025-11-26,Karachi,Online Payment,57.0,Female
T1138,C0169,Electronics,Headphones,1,10000,10000,2025-08-24,Islamabad,Debit Card,24.0,Male
T1139,C0052,Grocery,Oil,7,2500,17500,2025-01-05,Multan,Online Payment,30.0,Male
T1140,C0004,Beauty,Skin Care,7,500,3500,2025-09-07,Lahore,Easypaisa,34.0,Male
T1141,C0220,Furniture,Bed,6,2500,15000,2025-07-06,Lahore,Jazzcash,35.0,Male
T1142,C0383,Furniture,Bed,3,1000,3000,2025-07-01,Multan,Cash,40.0,Male
T1143,C0203,Electronics,Mobile Phone,5,500,2500,2025-03-10,Multan,Easypaisa,39.0,Male
T1144,C0061,Clothing,Jeans,8,25000,200000,2025-05-17,Multan,Online Payment,53.0,Female
T1145,C0257,Sports,Cricket Bat,6,50000,300000,2025-07-24,Faisalabad,Easypaisa,42.0,Male
T1146,C0177,Electronics,Laptop,1,1000,1000,2025-03-21,Peshawar,Cash,61.0,Male
T1147,C0223,Electronics,Headphones,7,10000,70000,2025-01-05,Multan,Debit Card,36.0,Female
T1148,C0374,Electronics,Smart Watch,4,10000,40000,2025-03-20,Peshawar,Credit Card,33.0,Female
T1149,C0102,Electronics,Headphones,4,25000,100000,2025-08-08,Multan,Easypaisa,24.0,Male
T1150,C0206,Clothing,Jeans,4,500,2000,2025-03-09,Karachi,Debit Card,30.0,Male
T1151,C0195,Furniture,Chair,4,500,2000,2025-01-27,Multan,Jazzcash,37.0,Male
T1152,C0262,Clothing,Jacket,7,5000,35000,2025-02-01,Multan,Easypaisa,21.0,Female
T1153,C0365,Electronics,Headphones,6,2500,15000,2025-06-29,Multan,Credit Card,38.0,Male
T1154,C0382,Clothing,Shirt,1,500,500,2025-12-05,Islamabad,Credit Card,36.0,Female
T1155,C0486,Grocery,Rice,7,1000,7000,2025-05-10,Multan,Debit Card,39.0,Female
T1156,C0395,Electronics,Laptop,1,25000,25000,2025-10-10,Lahore,Debit Card,41.0,Female
T1157,C0108,Sports,Yoga Mat,4,25000,100000,2025-05-22,Peshawar,Online Payment,23.0,Male
T1158,C0419,Clothing,Shirt,1,10000,10000,2025-12-02,Lahore,Credit Card,63.0,Female
T1159,C0390,Electronics,Laptop,6,2500,15000,2025-08-31,Lahore,Jazzcash,64.0,Male
T1160,C0365,Electronics,Mobile Phone,4,5000,20000,2025-10-09,Islamabad,Jazzcash,40.0,Female
T1161,C0215,Furniture,Chair,7,500,3500,2025-09-05,Peshawar,Jazzcash,19.0,Male
T1162,C0490,Beauty,Makeup,3,2500,7500,2025-01-24,Peshawar,Cash,62.0,Male
T1163,C0446,Sports,Dumbbell,8,25000,200000,2025-09-30,Peshawar,Cash,28.0,Female
T1164,C0140,Beauty,Shampoo,7,5000,35000,2025-11-07,Lahore,Credit Card,18.0,Male
T1165,C0234,Beauty,Skin Care,1,50000,50000,2025-09-20,Peshawar,Easypaisa,64.0,Female
T1166,C0283,Grocery,Oil,5,25000,125000,2025-05-18,Karachi,Credit Card,32.0,Male
T1167,C0076,Beauty,Skin Care,5,500,2500,2025-11-24,Islamabad,Credit Card,35.0,Male
T1168,C0001,Sports,Cricket Bat,4,10000,40000,2025-03-01,Faisalabad,Debit Card,58.0,Female
T1169,C0210,Grocery,Rice,5,25000,125000,2025-03-10,Peshawar,Debit Card,38.0,Male
T1170,C0091,Sports,Football,6,1000,6000,2025-05-24,Islamabad,Cash,52.0,Male
T1171,C0325,Sports,Dumbbell,5,50000,250000,2025-11-17,Peshawar,Jazzcash,31.0,Female
T1172,C0323,Clothing,Jacket,5,1000,5000,2025-10-25,Multan,Credit Card,46.0,Male
T1173,C0048,Sports,Dumbbell,6,1000,6000,2025-09-03,Multan,Credit Card,47.0,Male
T1174,C0332,Clothing,Jeans,8,25000,200000,2025-04-03,Islamabad,Cash,37.0,Male
T1175,C0037,Clothing,Shoes,4,500,2000,2025-03-15,Multan,Credit Card,47.0,Female
T1176,C0194,Electronics,Mobile Phone,1,10000,10000,2025-02-21,Multan,Cash,25.0,Male
T1177,C0138,Sports,Football,3,1000,3000,2025-02-12,Lahore,Easypaisa,56.0,Male
T1178,C0044,Electronics,Laptop,6,50000,300000,2025-12-29,Lahore,Credit Card,48.0,Female
T1179,C0125,Clothing,Jacket,6,5000,30000,2025-03-21,Unknown,Jazzcash,62.0,Female
T1180,C0053,Sports,Football,1,50000,50000,2025-01-23,Peshawar,Debit Card,24.0,Female
T1181,C0219,Clothing,Shirt,4,500,2000,2025-04-27,Multan,Credit Card,40.0,Female
T1182,C0057,Clothing,Shoes,2,5000,10000,2025-03-28,Lahore,Cash,36.0,Female
T1183,C0459,Electronics,Headphones,2,2500,5000,2025-02-13,Karachi,Jazzcash,27.0,Male
T1184,C0077,Furniture,Sofa,3,25000,75000,2025-08-06,Faisalabad,Easypaisa,37.0,Female
T1185,C0189,Grocery,Rice,5,5000,25000,2025-12-05,Islamabad,Easypaisa,22.0,Male
T1186,C0229,Clothing,Jeans,6,1000,6000,2025-07-19,Faisalabad,Online Payment,22.0,Male
T1187,C0166,Beauty,Shampoo,5,1000,5000,2025-02-16,Lahore,Credit Card,42.0,Female
T1188,C0499,Grocery,Coffee,7,5000,35000,2025-12-22,Multan,Jazzcash,58.0,Female
T1189,C0255,Clothing,Jeans,7,5000,35000,2025-10-09,Peshawar,Jazzcash,41.0,Male
T1190,C0398,Furniture,Chair,7,10000,70000,2025-10-23,Faisalabad,Easypaisa,32.0,Male
T1191,C0186,Clothing,Jacket,1,1000,1000,2025-01-09,Peshawar,Online Payment,26.0,Male
T1192,C0151,Electronics,Headphones,6,50000,300000,2025-03-13,Multan,Credit Card,53.0,Female
T1193,C0061,Clothing,Jeans,4,500,2000,2025-03-12,Faisalabad,Easypaisa,27.0,Female
T1194,C0360,Sports,Football,7,2500,17500,2025-01-28,Karachi,Easypaisa,55.0,Male
T1195,C0073,Furniture,Table,1,1000,1000,2025-07-07,Karachi,Credit Card,22.0,Male
T1196,C0241,Beauty,Shampoo,3,50000,150000,2025-04-04,Faisalabad,Credit Card,65.0,Female
T1197,C0356,Furniture,Bed,6,5000,30000,2025-11-27,Karachi,Debit Card,25.0,Male
T1198,C0006,Electronics,Laptop,3,10000,30000,2025-03-24,Multan,Online Payment,61.0,Female
T1199,C0217,Beauty,Makeup,5,25000,125000,2025-04-27,Lahore,Debit Card,23.0,Female
T1200,C0113,Clothing,Jeans,7,10000,70000,2025-01-29,Multan,Credit Card,65.0,Male
T0102,C0162,Sports,Dumbbell,1,5000,5000,2025-02-15,Unknown,Debit Card,25.0,Female
